customer_id,recency,frequency,monetary,R,F,M,rfm_score,tier
SWGY10013,130,1,239.13,2,1,3,6,Potential
SWGY10016,245,1,44.8,2,1,1,4,At-Risk
SWGY10027,4,1,421.02,4,1,4,9,Loyal
SWGY10037,364,1,48.61,1,1,1,3,Lost
SWGY10043,22,2,382.91,3,4,4,11,Champions
SWGY10048,350,1,95.31,1,1,1,3,Lost
SWGY10056,6,2,160.10000000000002,4,4,2,10,Champions
SWGY10058,5,1,201.5,4,1,3,8,Loyal
SWGY10060,23,1,190.93,3,1,3,7,Potential
SWGY10064,17,1,180.29,4,1,2,7,Potential
SWGY10068,29,1,262.82,3,1,3,7,Potential
SWGY10069,216,1,166.89,2,1,2,5,At-Risk
SWGY10071,16,1,124.1,4,1,2,7,Potential
SWGY10084,109,2,773.87,2,4,4,10,Champions
SWGY10086,334,1,256.02,1,1,3,5,At-Risk
SWGY10087,13,1,291.04,4,1,3,8,Loyal
SWGY10088,205,1,292.9,2,1,3,6,Potential
SWGY10090,70,2,225.53,3,4,3,10,Champions
SWGY10091,288,1,41.25,1,1,1,3,Lost
SWGY10099,13,2,160.16,4,4,2,10,Champions
SWGY10104,108,1,404.69,2,1,4,7,Potential
SWGY10110,30,1,524.34,3,1,4,8,Loyal
SWGY10119,243,1,31.99,2,1,1,4,At-Risk
SWGY10137,13,1,730.09,4,1,4,9,Loyal
SWGY10142,400,2,392.37,1,4,4,9,Loyal
SWGY10143,21,1,224.05,3,1,3,7,Potential
SWGY10144,6,1,199.09,4,1,3,8,Loyal
SWGY10145,525,1,15.83,1,1,1,3,Lost
SWGY10147,231,1,56.24,2,1,1,4,At-Risk
SWGY10148,264,1,102.99,2,1,1,4,At-Risk
SWGY10151,18,1,52.24,4,1,1,6,Potential
SWGY10153,9,1,105.78,4,1,2,7,Potential
SWGY10158,20,1,632.0,3,1,4,8,Loyal
SWGY10162,1,1,275.37,4,1,3,8,Loyal
SWGY10163,30,1,155.38,3,1,2,6,Potential
SWGY10168,134,1,204.35,2,1,3,6,Potential
SWGY10173,388,1,76.72,1,1,1,3,Lost
SWGY10183,4,1,168.01,4,1,2,7,Potential
SWGY10184,323,1,62.87,1,1,1,3,Lost
SWGY10191,68,1,429.5,3,1,4,8,Loyal
SWGY10193,4,3,393.42,4,4,4,12,Champions
SWGY10195,307,1,64.09,1,1,1,3,Lost
SWGY10198,215,1,100.51,2,1,1,4,At-Risk
SWGY10200,30,2,44.38,3,4,1,8,Loyal
SWGY10201,14,2,346.03999999999996,4,4,4,12,Champions
SWGY10205,9,2,156.85,4,4,2,10,Champions
SWGY10210,113,1,269.62,2,1,3,6,Potential
SWGY10220,612,1,64.35,1,1,1,3,Lost
SWGY10224,32,1,13.86,3,1,1,5,At-Risk
SWGY10229,18,2,304.22,4,4,3,11,Champions
SWGY10233,12,1,252.26,4,1,3,8,Loyal
SWGY10242,54,1,97.63,3,1,1,5,At-Risk
SWGY10244,303,1,437.43,1,1,4,6,Potential
SWGY10251,404,1,40.31,1,1,1,3,Lost
SWGY10256,347,1,324.21,1,1,3,5,At-Risk
SWGY10261,182,1,179.85,2,1,2,5,At-Risk
SWGY10264,8,1,136.15,4,1,2,7,Potential
SWGY10265,315,2,626.3,1,4,4,9,Loyal
SWGY10267,6,1,75.3,4,1,1,6,Potential
SWGY10269,250,1,714.43,2,1,4,7,Potential
SWGY10271,27,1,700.54,3,1,4,8,Loyal
SWGY10272,17,1,47.35,4,1,1,6,Potential
SWGY10273,82,1,36.27,3,1,1,5,At-Risk
SWGY10274,19,2,958.5999999999999,3,4,4,11,Champions
SWGY10277,10,3,503.84,4,4,4,12,Champions
SWGY10289,281,1,159.3,1,1,2,4,At-Risk
SWGY10292,41,1,197.5,3,1,3,7,Potential
SWGY10294,11,2,385.75,4,4,4,12,Champions
SWGY10298,3,1,57.89,4,1,1,6,Potential
SWGY10300,221,1,147.74,2,1,2,5,At-Risk
SWGY10304,4,1,85.89,4,1,1,6,Potential
SWGY10305,1,1,97.16,4,1,1,6,Potential
SWGY10310,1,1,67.18,4,1,1,6,Potential
SWGY10311,315,1,109.95,1,1,2,4,At-Risk
SWGY10318,739,1,99.09,1,1,1,3,Lost
SWGY10320,268,1,101.62,1,1,1,3,Lost
SWGY10322,547,1,298.47,1,1,3,5,At-Risk
SWGY10323,106,1,45.95,2,1,1,4,At-Risk
SWGY10325,124,1,59.96,2,1,1,4,At-Risk
SWGY10327,106,1,197.01,2,1,3,6,Potential
SWGY10328,273,1,107.22,1,1,2,4,At-Risk
SWGY10331,89,1,567.17,2,1,4,7,Potential
SWGY10334,79,1,59.95,3,1,1,5,At-Risk
SWGY10337,243,1,165.71,2,1,2,5,At-Risk
SWGY10338,124,1,566.26,2,1,4,7,Potential
SWGY10339,31,1,55.41,3,1,1,5,At-Risk
SWGY10340,64,1,291.22,3,1,3,7,Potential
SWGY10347,558,1,40.94,1,1,1,3,Lost
SWGY10348,23,1,280.04,3,1,3,7,Potential
SWGY10350,233,1,383.69,2,1,4,7,Potential
SWGY10354,11,1,130.25,4,1,2,7,Potential
SWGY10358,71,1,449.79,3,1,4,8,Loyal
SWGY10363,7,2,491.08,4,4,4,12,Champions
SWGY10366,112,1,356.63,2,1,4,7,Potential
SWGY10368,24,1,143.16,3,1,2,6,Potential
SWGY10370,30,1,205.47,3,1,3,7,Potential
SWGY10371,224,1,80.04,2,1,1,4,At-Risk
SWGY10374,20,3,701.98,3,4,4,11,Champions
SWGY10378,76,1,79.83,3,1,1,5,At-Risk
SWGY10389,362,1,109.15,1,1,2,4,At-Risk
SWGY10391,209,1,224.24,2,1,3,6,Potential
SWGY10399,211,1,221.59,2,1,3,6,Potential
SWGY10404,79,1,63.64,3,1,1,5,At-Risk
SWGY10405,23,2,256.92,3,4,3,10,Champions
SWGY10406,31,1,53.72,3,1,1,5,At-Risk
SWGY10407,281,2,289.81,1,4,3,8,Loyal
SWGY10408,30,1,240.54,3,1,3,7,Potential
SWGY10411,324,2,332.58000000000004,1,4,4,9,Loyal
SWGY10412,77,1,93.49,3,1,1,5,At-Risk
SWGY10415,273,2,809.82,1,4,4,9,Loyal
SWGY10421,16,1,40.08,4,1,1,6,Potential
SWGY10426,13,1,456.44,4,1,4,9,Loyal
SWGY10443,335,1,108.29,1,1,2,4,At-Risk
SWGY10447,140,1,170.67,2,1,2,5,At-Risk
SWGY10458,463,1,498.73,1,1,4,6,Potential
SWGY10460,31,1,144.95,3,1,2,6,Potential
SWGY10461,242,2,158.39,2,4,2,8,Loyal
SWGY10464,12,2,306.63,4,4,3,11,Champions
SWGY10465,79,3,535.99,3,4,4,11,Champions
SWGY10468,116,1,219.24,2,1,3,6,Potential
SWGY10478,125,2,715.88,2,4,4,10,Champions
SWGY10479,39,1,434.64,3,1,4,8,Loyal
SWGY10480,21,1,203.61,3,1,3,7,Potential
SWGY10482,609,1,212.7,1,1,3,5,At-Risk
SWGY10487,377,1,222.03,1,1,3,5,At-Risk
SWGY10490,125,1,176.52,2,1,2,5,At-Risk
SWGY10491,387,1,53.59,1,1,1,3,Lost
SWGY10492,181,1,115.3,2,1,2,5,At-Risk
SWGY10493,100,1,507.7,2,1,4,7,Potential
SWGY10496,17,1,343.92,4,1,4,9,Loyal
SWGY10501,29,1,177.49,3,1,2,6,Potential
SWGY10510,225,1,28.46,2,1,1,4,At-Risk
SWGY10511,341,1,127.35,1,1,2,4,At-Risk
SWGY10513,231,1,433.04,2,1,4,7,Potential
SWGY10515,6,2,554.23,4,4,4,12,Champions
SWGY10517,8,1,163.73,4,1,2,7,Potential
SWGY10518,10,1,284.21,4,1,3,8,Loyal
SWGY10526,217,1,169.46,2,1,2,5,At-Risk
SWGY10529,29,1,324.98,3,1,3,7,Potential
SWGY10549,18,1,673.86,4,1,4,9,Loyal
SWGY10551,146,2,422.74,2,4,4,10,Champions
SWGY10555,402,1,214.55,1,1,3,5,At-Risk
SWGY10569,16,2,526.18,4,4,4,12,Champions
SWGY10570,31,1,76.1,3,1,1,5,At-Risk
SWGY10574,438,1,101.91,1,1,1,3,Lost
SWGY10575,31,1,681.39,3,1,4,8,Loyal
SWGY10580,256,1,65.45,2,1,1,4,At-Risk
SWGY10584,18,1,148.64,4,1,2,7,Potential
SWGY10595,256,1,123.36,2,1,2,5,At-Risk
SWGY10597,14,2,379.54999999999995,4,4,4,12,Champions
SWGY10604,478,1,46.82,1,1,1,3,Lost
SWGY10605,26,1,661.2,3,1,4,8,Loyal
SWGY10606,31,1,128.58,3,1,2,6,Potential
SWGY10609,14,1,389.19,4,1,4,9,Loyal
SWGY10610,126,1,65.27,2,1,1,4,At-Risk
SWGY10613,9,1,297.08,4,1,3,8,Loyal
SWGY10614,73,1,204.74,3,1,3,7,Potential
SWGY10615,348,2,275.94,1,4,3,8,Loyal
SWGY10626,13,1,295.04,4,1,3,8,Loyal
SWGY10631,14,1,409.11,4,1,4,9,Loyal
SWGY10639,72,1,121.35,3,1,2,6,Potential
SWGY10640,2,1,274.37,4,1,3,8,Loyal
SWGY10642,232,1,438.4,2,1,4,7,Potential
SWGY10644,3,1,194.84,4,1,3,8,Loyal
SWGY10646,241,1,162.7,2,1,2,5,At-Risk
SWGY10652,276,1,88.92,1,1,1,3,Lost
SWGY10654,29,1,359.44,3,1,4,8,Loyal
SWGY10664,18,1,497.84,4,1,4,9,Loyal
SWGY10673,249,1,72.14,2,1,1,4,At-Risk
SWGY10675,192,1,131.72,2,1,2,5,At-Risk
SWGY10678,502,1,489.94,1,1,4,6,Potential
SWGY10689,19,1,116.67,3,1,2,6,Potential
SWGY10694,223,1,71.47,2,1,1,4,At-Risk
SWGY10701,345,1,104.61,1,1,2,4,At-Risk
SWGY10703,5,1,193.08,4,1,3,8,Loyal
SWGY10711,262,1,248.11,2,1,3,6,Potential
SWGY10718,1,1,102.33,4,1,1,6,Potential
SWGY10719,31,1,37.12,3,1,1,5,At-Risk
SWGY10730,548,1,195.58,1,1,3,5,At-Risk
SWGY10732,345,1,132.89,1,1,2,4,At-Risk
SWGY10736,8,1,170.54,4,1,2,7,Potential
SWGY10737,460,1,80.18,1,1,1,3,Lost
SWGY10740,132,2,295.64,2,4,3,9,Loyal
SWGY10744,212,1,63.01,2,1,1,4,At-Risk
SWGY10746,28,1,64.05,3,1,1,5,At-Risk
SWGY10750,28,1,154.41,3,1,2,6,Potential
SWGY10754,2,1,185.96,4,1,2,7,Potential
SWGY10761,88,1,326.59,2,1,4,7,Potential
SWGY10765,316,1,154.0,1,1,2,4,At-Risk
SWGY10766,246,1,20.51,2,1,1,4,At-Risk
SWGY10768,102,1,95.78,2,1,1,4,At-Risk
SWGY10769,31,1,168.64,3,1,2,6,Potential
SWGY10778,145,1,569.4,2,1,4,7,Potential
SWGY10787,553,1,354.29,1,1,4,6,Potential
SWGY10793,24,2,453.39,3,4,4,11,Champions
SWGY10795,1,2,407.4,4,4,4,12,Champions
SWGY10797,28,2,529.1800000000001,3,4,4,11,Champions
SWGY10800,371,1,80.81,1,1,1,3,Lost
SWGY10802,13,2,161.36,4,4,2,10,Champions
SWGY10803,102,1,223.75,2,1,3,6,Potential
SWGY10808,158,2,423.70000000000005,2,4,4,10,Champions
SWGY10814,17,1,401.71,4,1,4,9,Loyal
SWGY10816,55,1,243.71,3,1,3,7,Potential
SWGY10821,180,1,89.74,2,1,1,4,At-Risk
SWGY10823,431,1,90.55,1,1,1,3,Lost
SWGY10827,350,2,187.78,1,4,2,7,Potential
SWGY10830,152,1,127.83,2,1,2,5,At-Risk
SWGY10833,438,1,41.13,1,1,1,3,Lost
SWGY10836,22,1,270.59,3,1,3,7,Potential
SWGY10840,149,1,88.91,2,1,1,4,At-Risk
SWGY10844,380,2,241.18,1,4,3,8,Loyal
SWGY10862,9,1,355.87,4,1,4,9,Loyal
SWGY10864,11,2,108.03,4,4,2,10,Champions
SWGY10867,182,1,67.68,2,1,1,4,At-Risk
SWGY10868,16,1,52.42,4,1,1,6,Potential
SWGY10873,31,1,242.57,3,1,3,7,Potential
SWGY10874,444,1,180.56,1,1,2,4,At-Risk
SWGY10877,245,1,76.91,2,1,1,4,At-Risk
SWGY10883,2,2,590.48,4,4,4,12,Champions
SWGY10885,44,1,306.77,3,1,3,7,Potential
SWGY10888,359,1,142.9,1,1,2,4,At-Risk
SWGY10897,196,2,276.86,2,4,3,9,Loyal
SWGY10904,347,3,687.56,1,4,4,9,Loyal
SWGY10910,29,1,40.9,3,1,1,5,At-Risk
SWGY10915,52,1,223.48,3,1,3,7,Potential
SWGY10918,471,1,243.46,1,1,3,5,At-Risk
SWGY10919,13,1,137.61,4,1,2,7,Potential
SWGY10922,246,2,334.52,2,4,4,10,Champions
SWGY10923,64,1,46.8,3,1,1,5,At-Risk
SWGY10926,217,2,605.88,2,4,4,10,Champions
SWGY10927,5,1,587.26,4,1,4,9,Loyal
SWGY10928,22,1,214.57,3,1,3,7,Potential
SWGY10931,2,1,46.71,4,1,1,6,Potential
SWGY10932,180,2,392.02,2,4,4,10,Champions
SWGY10933,246,1,155.62,2,1,2,5,At-Risk
SWGY10934,7,1,27.57,4,1,1,6,Potential
SWGY10935,362,1,37.49,1,1,1,3,Lost
SWGY10938,5,1,213.24,4,1,3,8,Loyal
SWGY10940,162,1,79.68,2,1,1,4,At-Risk
SWGY10944,388,1,33.61,1,1,1,3,Lost
SWGY10947,480,1,171.36,1,1,2,4,At-Risk
SWGY10950,20,2,365.08000000000004,3,4,4,11,Champions
SWGY10952,205,2,545.76,2,4,4,10,Champions
SWGY10953,445,2,159.19,1,4,2,7,Potential
SWGY10954,516,1,241.07,1,1,3,5,At-Risk
SWGY10957,161,2,288.73,2,4,3,9,Loyal
SWGY10958,25,1,175.38,3,1,2,6,Potential
SWGY10961,592,2,381.06,1,4,4,9,Loyal
SWGY10963,71,1,29.19,3,1,1,5,At-Risk
SWGY10966,17,1,81.96,4,1,1,6,Potential
SWGY10970,12,1,113.0,4,1,2,7,Potential
SWGY10973,87,1,46.69,2,1,1,4,At-Risk
SWGY10976,340,2,351.27,1,4,4,9,Loyal
SWGY10977,283,1,49.89,1,1,1,3,Lost
SWGY10979,19,1,223.81,3,1,3,7,Potential
SWGY10980,250,1,485.96,2,1,4,7,Potential
SWGY10983,19,1,145.69,3,1,2,6,Potential
SWGY10985,6,1,69.09,4,1,1,6,Potential
SWGY10988,24,2,291.27,3,4,3,10,Champions
SWGY10993,441,1,259.42,1,1,3,5,At-Risk
SWGY10998,29,1,213.19,3,1,3,7,Potential
SWGY10999,26,1,118.46,3,1,2,6,Potential
SWGY11003,145,1,190.32,2,1,3,6,Potential
SWGY11008,330,1,130.8,1,1,2,4,At-Risk
SWGY11017,192,1,192.45,2,1,3,6,Potential
SWGY11019,201,1,121.08,2,1,2,5,At-Risk
SWGY11030,89,1,64.48,2,1,1,4,At-Risk
SWGY11035,53,1,66.27,3,1,1,5,At-Risk
SWGY11036,54,2,347.63,3,4,4,11,Champions
SWGY11037,424,1,289.4,1,1,3,5,At-Risk
SWGY11041,12,1,303.54,4,1,3,8,Loyal
SWGY11045,332,1,352.82,1,1,4,6,Potential
SWGY11048,4,3,649.62,4,4,4,12,Champions
SWGY11050,6,2,252.2,4,4,3,11,Champions
SWGY11052,217,1,90.58,2,1,1,4,At-Risk
SWGY11056,1,1,57.88,4,1,1,6,Potential
SWGY11057,666,1,434.06,1,1,4,6,Potential
SWGY11061,15,1,81.21,4,1,1,6,Potential
SWGY11064,317,1,164.52,1,1,2,4,At-Risk
SWGY11065,205,1,144.7,2,1,2,5,At-Risk
SWGY11070,106,2,411.83,2,4,4,10,Champions
SWGY11072,143,1,389.71,2,1,4,7,Potential
SWGY11075,3,1,301.57,4,1,3,8,Loyal
SWGY11077,11,2,509.0,4,4,4,12,Champions
SWGY11088,31,1,148.01,3,1,2,6,Potential
SWGY11089,26,1,225.15,3,1,3,7,Potential
SWGY11092,520,1,119.03,1,1,2,4,At-Risk
SWGY11098,16,3,981.37,4,4,4,12,Champions
SWGY11101,70,1,190.18,3,1,2,6,Potential
SWGY11102,415,1,70.36,1,1,1,3,Lost
SWGY11103,9,1,66.35,4,1,1,6,Potential
SWGY11108,642,1,229.21,1,1,3,5,At-Risk
SWGY11111,251,1,395.54,2,1,4,7,Potential
SWGY11112,260,1,281.76,2,1,3,6,Potential
SWGY11116,195,1,163.77,2,1,2,5,At-Risk
SWGY11117,611,1,334.61,1,1,4,6,Potential
SWGY11120,537,1,222.05,1,1,3,5,At-Risk
SWGY11121,21,1,244.89,3,1,3,7,Potential
SWGY11126,272,1,351.51,1,1,4,6,Potential
SWGY11127,8,2,111.28999999999999,4,4,2,10,Champions
SWGY11128,207,2,366.48,2,4,4,10,Champions
SWGY11130,80,1,135.44,3,1,2,6,Potential
SWGY11131,27,1,49.12,3,1,1,5,At-Risk
SWGY11136,14,3,283.69,4,4,3,11,Champions
SWGY11139,114,1,244.44,2,1,3,6,Potential
SWGY11141,19,1,121.52,3,1,2,6,Potential
SWGY11144,233,1,188.45,2,1,2,5,At-Risk
SWGY11151,297,1,108.05,1,1,2,4,At-Risk
SWGY11153,58,2,147.59,3,4,2,9,Loyal
SWGY11158,313,1,202.96,1,1,3,5,At-Risk
SWGY11163,452,2,424.86,1,4,4,9,Loyal
SWGY11170,468,1,106.17,1,1,2,4,At-Risk
SWGY11179,257,1,132.04,2,1,2,5,At-Risk
SWGY11185,31,1,334.01,3,1,4,8,Loyal
SWGY11186,696,1,65.89,1,1,1,3,Lost
SWGY11188,497,1,457.33,1,1,4,6,Potential
SWGY11195,591,1,446.46,1,1,4,6,Potential
SWGY11209,24,1,99.99,3,1,1,5,At-Risk
SWGY11221,298,2,268.77,1,4,3,8,Loyal
SWGY11222,28,1,141.73,3,1,2,6,Potential
SWGY11223,48,1,176.18,3,1,2,6,Potential
SWGY11240,22,1,124.84,3,1,2,6,Potential
SWGY11249,625,1,344.11,1,1,4,6,Potential
SWGY11257,168,1,229.67,2,1,3,6,Potential
SWGY11268,134,1,94.7,2,1,1,4,At-Risk
SWGY11272,23,1,138.52,3,1,2,6,Potential
SWGY11275,284,1,123.32,1,1,2,4,At-Risk
SWGY11277,21,1,166.37,3,1,2,6,Potential
SWGY11278,21,1,93.24,3,1,1,5,At-Risk
SWGY11281,8,2,399.32,4,4,4,12,Champions
SWGY11286,10,1,244.11,4,1,3,8,Loyal
SWGY11288,575,1,505.42,1,1,4,6,Potential
SWGY11291,422,1,192.5,1,1,3,5,At-Risk
SWGY11295,27,3,778.04,3,4,4,11,Champions
SWGY11296,101,1,293.39,2,1,3,6,Potential
SWGY11302,297,1,293.61,1,1,3,5,At-Risk
SWGY11304,125,1,314.6,2,1,3,6,Potential
SWGY11310,86,1,223.79,2,1,3,6,Potential
SWGY11312,28,1,137.73,3,1,2,6,Potential
SWGY11313,135,1,113.73,2,1,2,5,At-Risk
SWGY11314,9,1,130.4,4,1,2,7,Potential
SWGY11324,13,1,50.72,4,1,1,6,Potential
SWGY11331,82,1,87.69,3,1,1,5,At-Risk
SWGY11333,498,1,411.66,1,1,4,6,Potential
SWGY11336,15,1,167.84,4,1,2,7,Potential
SWGY11338,29,1,149.57,3,1,2,6,Potential
SWGY11340,31,1,158.98,3,1,2,6,Potential
SWGY11342,271,1,182.85,1,1,2,4,At-Risk
SWGY11346,403,1,86.44,1,1,1,3,Lost
SWGY11348,295,1,188.35,1,1,2,4,At-Risk
SWGY11349,3,1,195.36,4,1,3,8,Loyal
SWGY11351,457,1,300.96,1,1,3,5,At-Risk
SWGY11356,13,1,104.87,4,1,2,7,Potential
SWGY11358,416,1,280.65,1,1,3,5,At-Risk
SWGY11363,25,1,182.34,3,1,2,6,Potential
SWGY11364,63,1,223.66,3,1,3,7,Potential
SWGY11366,31,1,49.88,3,1,1,5,At-Risk
SWGY11367,55,1,247.67,3,1,3,7,Potential
SWGY11374,48,2,192.31,3,4,3,10,Champions
SWGY11377,444,2,30.6,1,4,1,6,Potential
SWGY11378,167,1,82.86,2,1,1,4,At-Risk
SWGY11381,205,1,79.09,2,1,1,4,At-Risk
SWGY11384,5,1,411.27,4,1,4,9,Loyal
SWGY11387,579,1,205.23,1,1,3,5,At-Risk
SWGY11392,20,1,184.47,3,1,2,6,Potential
SWGY11395,350,1,172.33,1,1,2,4,At-Risk
SWGY11399,377,1,353.23,1,1,4,6,Potential
SWGY11402,75,1,290.64,3,1,3,7,Potential
SWGY11403,388,1,94.31,1,1,1,3,Lost
SWGY11405,336,1,510.49,1,1,4,6,Potential
SWGY11409,558,1,308.31,1,1,3,5,At-Risk
SWGY11411,163,1,181.25,2,1,2,5,At-Risk
SWGY11413,13,1,191.22,4,1,3,8,Loyal
SWGY11414,246,1,170.62,2,1,2,5,At-Risk
SWGY11419,284,2,382.24,1,4,4,9,Loyal
SWGY11431,282,1,40.85,1,1,1,3,Lost
SWGY11432,180,1,131.82,2,1,2,5,At-Risk
SWGY11433,7,1,78.35,4,1,1,6,Potential
SWGY11437,17,1,122.96,4,1,2,7,Potential
SWGY11439,302,1,38.41,1,1,1,3,Lost
SWGY11441,21,1,25.24,3,1,1,5,At-Risk
SWGY11444,12,2,423.26,4,4,4,12,Champions
SWGY11448,124,2,381.71000000000004,2,4,4,10,Champions
SWGY11455,438,1,86.5,1,1,1,3,Lost
SWGY11457,22,1,222.9,3,1,3,7,Potential
SWGY11460,570,1,420.18,1,1,4,6,Potential
SWGY11475,592,1,112.13,1,1,2,4,At-Risk
SWGY11476,430,2,336.72,1,4,4,9,Loyal
SWGY11480,36,1,244.26,3,1,3,7,Potential
SWGY11489,124,1,237.12,2,1,3,6,Potential
SWGY11496,223,1,290.81,2,1,3,6,Potential
SWGY11502,211,1,91.12,2,1,1,4,At-Risk
SWGY11512,76,1,101.34,3,1,1,5,At-Risk
SWGY11514,219,1,370.08,2,1,4,7,Potential
SWGY11531,561,1,207.83,1,1,3,5,At-Risk
SWGY11537,23,2,559.08,3,4,4,11,Champions
SWGY11538,282,2,304.34000000000003,1,4,3,8,Loyal
SWGY11540,266,1,131.32,1,1,2,4,At-Risk
SWGY11543,3,2,515.29,4,4,4,12,Champions
SWGY11545,71,1,48.76,3,1,1,5,At-Risk
SWGY11549,1,1,363.8,4,1,4,9,Loyal
SWGY11552,30,1,218.14,3,1,3,7,Potential
SWGY11555,15,1,270.47,4,1,3,8,Loyal
SWGY11562,12,2,351.18,4,4,4,12,Champions
SWGY11563,93,2,430.69,2,4,4,10,Champions
SWGY11566,621,1,199.93,1,1,3,5,At-Risk
SWGY11567,602,2,112.85999999999999,1,4,2,7,Potential
SWGY11568,15,1,127.49,4,1,2,7,Potential
SWGY11571,281,1,363.83,1,1,4,6,Potential
SWGY11572,359,1,117.19,1,1,2,4,At-Risk
SWGY11573,213,2,525.88,2,4,4,10,Champions
SWGY11575,2,2,479.38,4,4,4,12,Champions
SWGY11578,15,1,180.97,4,1,2,7,Potential
SWGY11582,25,1,89.14,3,1,1,5,At-Risk
SWGY11595,2,1,363.4,4,1,4,9,Loyal
SWGY11598,9,2,647.6,4,4,4,12,Champions
SWGY11601,226,1,63.82,2,1,1,4,At-Risk
SWGY11610,10,1,50.85,4,1,1,6,Potential
SWGY11613,22,1,127.59,3,1,2,6,Potential
SWGY11618,422,1,632.24,1,1,4,6,Potential
SWGY11621,267,1,231.23,1,1,3,5,At-Risk
SWGY11628,361,1,263.89,1,1,3,5,At-Risk
SWGY11630,412,1,312.92,1,1,3,5,At-Risk
SWGY11632,10,1,118.36,4,1,2,7,Potential
SWGY11641,14,1,209.83,4,1,3,8,Loyal
SWGY11645,31,1,55.17,3,1,1,5,At-Risk
SWGY11647,8,1,107.93,4,1,2,7,Potential
SWGY11651,2,2,373.51,4,4,4,12,Champions
SWGY11653,114,1,305.68,2,1,3,6,Potential
SWGY11654,532,1,135.34,1,1,2,4,At-Risk
SWGY11655,626,1,291.91,1,1,3,5,At-Risk
SWGY11660,22,2,268.11,3,4,3,10,Champions
SWGY11667,10,1,401.96,4,1,4,9,Loyal
SWGY11674,503,1,157.92,1,1,2,4,At-Risk
SWGY11677,25,1,197.79,3,1,3,7,Potential
SWGY11688,23,2,98.61,3,4,1,8,Loyal
SWGY11690,349,1,3.07,1,1,1,3,Lost
SWGY11697,114,1,746.32,2,1,4,7,Potential
SWGY11705,40,1,123.37,3,1,2,6,Potential
SWGY11715,13,2,451.72,4,4,4,12,Champions
SWGY11718,8,1,66.1,4,1,1,6,Potential
SWGY11730,145,1,186.95,2,1,2,5,At-Risk
SWGY11736,522,1,156.46,1,1,2,4,At-Risk
SWGY11737,343,1,189.4,1,1,2,4,At-Risk
SWGY11738,31,1,44.61,3,1,1,5,At-Risk
SWGY11746,433,1,158.25,1,1,2,4,At-Risk
SWGY11747,656,2,594.0300000000001,1,4,4,9,Loyal
SWGY11751,573,1,599.96,1,1,4,6,Potential
SWGY11760,215,1,86.9,2,1,1,4,At-Risk
SWGY11765,4,1,126.44,4,1,2,7,Potential
SWGY11766,14,2,421.53,4,4,4,12,Champions
SWGY11771,94,1,399.43,2,1,4,7,Potential
SWGY11773,26,1,99.95,3,1,1,5,At-Risk
SWGY11775,472,2,554.72,1,4,4,9,Loyal
SWGY11777,422,1,141.82,1,1,2,4,At-Risk
SWGY11780,11,1,58.1,4,1,1,6,Potential
SWGY11788,155,2,664.4300000000001,2,4,4,10,Champions
SWGY11790,11,2,396.49,4,4,4,12,Champions
SWGY11795,425,1,90.23,1,1,1,3,Lost
SWGY11806,120,1,211.09,2,1,3,6,Potential
SWGY11808,189,1,52.67,2,1,1,4,At-Risk
SWGY11812,104,1,134.72,2,1,2,5,At-Risk
SWGY11814,18,1,215.78,4,1,3,8,Loyal
SWGY11815,12,1,197.87,4,1,3,8,Loyal
SWGY11816,14,1,378.23,4,1,4,9,Loyal
SWGY11817,22,1,231.26,3,1,3,7,Potential
SWGY11818,203,1,335.35,2,1,4,7,Potential
SWGY11822,290,1,234.46,1,1,3,5,At-Risk
SWGY11825,389,1,252.57,1,1,3,5,At-Risk
SWGY11832,60,1,122.03,3,1,2,6,Potential
SWGY11834,409,1,75.41,1,1,1,3,Lost
SWGY11836,197,1,78.24,2,1,1,4,At-Risk
SWGY11839,639,1,207.68,1,1,3,5,At-Risk
SWGY11842,10,2,829.07,4,4,4,12,Champions
SWGY11844,14,3,922.77,4,4,4,12,Champions
SWGY11857,90,1,185.95,2,1,2,5,At-Risk
SWGY11878,133,1,142.43,2,1,2,5,At-Risk
SWGY11884,17,2,146.83,4,4,2,10,Champions
SWGY11889,323,1,98.1,1,1,1,3,Lost
SWGY11890,13,1,272.1,4,1,3,8,Loyal
SWGY11892,22,1,329.19,3,1,4,8,Loyal
SWGY11895,67,2,326.03,3,4,4,11,Champions
SWGY11897,183,2,298.62,2,4,3,9,Loyal
SWGY11901,303,1,29.67,1,1,1,3,Lost
SWGY11911,15,2,559.8199999999999,4,4,4,12,Champions
SWGY11921,312,1,66.98,1,1,1,3,Lost
SWGY11924,155,1,40.03,2,1,1,4,At-Risk
SWGY11929,204,1,124.83,2,1,2,5,At-Risk
SWGY11931,514,1,121.62,1,1,2,4,At-Risk
SWGY11932,4,1,123.5,4,1,2,7,Potential
SWGY11937,23,2,325.83000000000004,3,4,4,11,Champions
SWGY11941,23,1,138.71,3,1,2,6,Potential
SWGY11946,70,2,485.48,3,4,4,11,Champions
SWGY11949,367,1,268.26,1,1,3,5,At-Risk
SWGY11952,378,1,66.01,1,1,1,3,Lost
SWGY11953,270,1,134.06,1,1,2,4,At-Risk
SWGY11959,508,1,326.38,1,1,4,6,Potential
SWGY11964,673,1,299.4,1,1,3,5,At-Risk
SWGY11969,282,1,61.65,1,1,1,3,Lost
SWGY11970,188,1,33.87,2,1,1,4,At-Risk
SWGY11971,5,1,158.4,4,1,2,7,Potential
SWGY11978,24,1,106.16,3,1,2,6,Potential
SWGY11984,401,1,94.99,1,1,1,3,Lost
SWGY11991,13,1,90.96,4,1,1,6,Potential
SWGY12002,290,1,129.6,1,1,2,4,At-Risk
SWGY12004,6,1,229.05,4,2,3,9,Loyal
SWGY12011,548,1,65.59,1,2,1,4,At-Risk
SWGY12012,202,1,183.68,2,2,2,6,Potential
SWGY12015,6,1,79.43,4,2,1,7,Potential
SWGY12018,431,1,40.12,1,2,1,4,At-Risk
SWGY12019,546,1,19.0,1,2,1,4,At-Risk
SWGY12032,25,1,54.82,3,2,1,6,Potential
SWGY12035,25,1,276.89,3,2,3,8,Loyal
SWGY12041,8,1,230.18,4,2,3,9,Loyal
SWGY12042,405,1,136.91,1,2,2,5,At-Risk
SWGY12044,20,1,444.49,3,2,4,9,Loyal
SWGY12045,4,4,374.57,4,4,4,12,Champions
SWGY12048,119,1,161.65,2,2,2,6,Potential
SWGY12052,29,2,572.0,3,4,4,11,Champions
SWGY12054,299,1,287.64,1,2,3,6,Potential
SWGY12058,134,2,200.27,2,4,3,9,Loyal
SWGY12059,199,1,264.34,2,2,3,7,Potential
SWGY12061,202,1,45.5,2,2,1,5,At-Risk
SWGY12062,15,1,93.15,4,2,1,7,Potential
SWGY12063,9,1,145.57,4,2,2,8,Loyal
SWGY12066,19,2,259.37,3,4,3,10,Champions
SWGY12067,137,1,195.38,2,2,3,7,Potential
SWGY12072,229,1,185.46,2,2,2,6,Potential
SWGY12080,24,1,60.89,3,2,1,6,Potential
SWGY12081,78,2,518.3,3,4,4,11,Champions
SWGY12086,2,2,233.63,4,4,3,11,Champions
SWGY12102,7,3,915.57,4,4,4,12,Champions
SWGY12105,389,1,248.13,1,2,3,6,Potential
SWGY12106,337,1,89.63,1,2,1,4,At-Risk
SWGY12110,1,3,900.51,4,4,4,12,Champions
SWGY12116,3,2,346.27,4,4,4,12,Champions
SWGY12120,218,1,230.45,2,2,3,7,Potential
SWGY12121,3,1,506.2,4,2,4,10,Champions
SWGY12129,22,2,501.21,3,4,4,11,Champions
SWGY12131,1,2,315.21000000000004,4,4,3,11,Champions
SWGY12132,475,1,47.06,1,2,1,4,At-Risk
SWGY12135,583,1,146.78,1,2,2,5,At-Risk
SWGY12142,105,1,123.36,2,2,2,6,Potential
SWGY12143,30,1,57.36,3,2,1,6,Potential
SWGY12144,14,1,102.79,4,2,1,7,Potential
SWGY12149,150,1,164.7,2,2,2,6,Potential
SWGY12150,3,1,545.47,4,2,4,10,Champions
SWGY12157,46,2,723.79,3,4,4,11,Champions
SWGY12159,29,1,144.67,3,2,2,7,Potential
SWGY12160,84,1,376.37,3,2,4,9,Loyal
SWGY12161,14,1,148.29,4,2,2,8,Loyal
SWGY12162,471,1,206.29,1,2,3,6,Potential
SWGY12165,5,1,195.75,4,2,3,9,Loyal
SWGY12175,266,1,70.22,1,2,1,4,At-Risk
SWGY12179,24,1,66.44,3,2,1,6,Potential
SWGY12183,17,2,505.99,4,4,4,12,Champions
SWGY12186,258,1,161.47,2,2,2,6,Potential
SWGY12187,37,1,163.94,3,2,2,7,Potential
SWGY12188,35,1,94.39,3,2,1,6,Potential
SWGY12189,358,1,295.76,1,2,3,6,Potential
SWGY12190,5,2,441.70000000000005,4,4,4,12,Champions
SWGY12193,10,1,99.96,4,2,1,7,Potential
SWGY12194,146,1,130.55,2,2,2,6,Potential
SWGY12211,30,1,120.72,3,2,2,7,Potential
SWGY12213,12,1,67.93,4,2,1,7,Potential
SWGY12214,24,1,101.8,3,2,1,6,Potential
SWGY12219,14,1,221.09,4,2,3,9,Loyal
SWGY12221,415,1,147.12,1,2,2,5,At-Risk
SWGY12223,156,1,68.14,2,2,1,5,At-Risk
SWGY12224,3,1,63.64,4,2,1,7,Potential
SWGY12227,27,2,158.8,3,4,2,9,Loyal
SWGY12228,11,1,55.25,4,2,1,7,Potential
SWGY12235,106,1,84.77,2,2,1,5,At-Risk
SWGY12237,23,1,525.5,3,2,4,9,Loyal
SWGY12242,661,1,496.16,1,2,4,7,Potential
SWGY12249,212,1,106.68,2,2,2,6,Potential
SWGY12250,138,1,331.77,2,2,4,8,Loyal
SWGY12252,339,1,38.71,1,2,1,4,At-Risk
SWGY12262,100,3,578.56,2,4,4,10,Champions
SWGY12263,558,1,128.66,1,2,2,5,At-Risk
SWGY12269,19,2,564.6700000000001,3,4,4,11,Champions
SWGY12271,17,2,234.01,4,4,3,11,Champions
SWGY12273,328,1,145.53,1,2,2,5,At-Risk
SWGY12277,147,1,99.26,2,2,1,5,At-Risk
SWGY12287,97,1,470.65,2,2,4,8,Loyal
SWGY12289,25,1,57.23,3,2,1,6,Potential
SWGY12291,79,1,394.08,3,2,4,9,Loyal
SWGY12292,94,1,120.68,2,2,2,6,Potential
SWGY12296,17,1,136.64,4,2,2,8,Loyal
SWGY12297,431,1,166.8,1,2,2,5,At-Risk
SWGY12298,6,1,353.09,4,2,4,10,Champions
SWGY12300,24,4,806.1800000000001,3,4,4,11,Champions
SWGY12309,6,2,356.40999999999997,4,4,4,12,Champions
SWGY12310,13,1,282.29,4,2,3,9,Loyal
SWGY12311,245,1,230.41,2,2,3,7,Potential
SWGY12314,96,1,322.43,2,2,3,7,Potential
SWGY12320,174,1,266.65,2,2,3,7,Potential
SWGY12322,136,1,107.48,2,2,2,6,Potential
SWGY12323,140,1,217.08,2,2,3,7,Potential
SWGY12324,30,1,460.05,3,2,4,9,Loyal
SWGY12329,66,1,63.21,3,2,1,6,Potential
SWGY12330,26,1,645.67,3,2,4,9,Loyal
SWGY12331,218,1,74.81,2,2,1,5,At-Risk
SWGY12333,315,1,115.65,1,2,2,5,At-Risk
SWGY12339,598,1,330.89,1,2,4,7,Potential
SWGY12340,242,2,345.75,2,4,4,10,Champions
SWGY12343,29,1,240.09,3,2,3,8,Loyal
SWGY12351,149,1,67.71,2,2,1,5,At-Risk
SWGY12353,403,1,724.95,1,2,4,7,Potential
SWGY12362,125,2,559.64,2,4,4,10,Champions
SWGY12368,22,1,216.25,3,2,3,8,Loyal
SWGY12371,112,1,170.83,2,2,2,6,Potential
SWGY12373,264,1,112.83,2,2,2,6,Potential
SWGY12380,18,1,117.1,4,2,2,8,Loyal
SWGY12388,38,1,74.02,3,2,1,6,Potential
SWGY12389,59,1,381.09,3,2,4,9,Loyal
SWGY12391,345,1,193.23,1,2,3,6,Potential
SWGY12394,361,2,582.45,1,4,4,9,Loyal
SWGY12399,21,1,278.18,3,2,3,8,Loyal
SWGY12401,27,1,693.31,3,2,4,9,Loyal
SWGY12402,28,1,223.07,3,2,3,8,Loyal
SWGY12407,23,1,353.51,3,2,4,9,Loyal
SWGY12408,395,1,74.76,1,2,1,4,At-Risk
SWGY12410,10,1,217.87,4,2,3,9,Loyal
SWGY12411,27,1,201.16,3,2,3,8,Loyal
SWGY12414,9,2,294.4,4,4,3,11,Champions
SWGY12415,11,3,510.8,4,4,4,12,Champions
SWGY12416,1,1,150.77,4,2,2,8,Loyal
SWGY12417,275,1,244.58,1,2,3,6,Potential
SWGY12422,249,1,122.07,2,2,2,6,Potential
SWGY12423,358,1,82.82,1,2,1,4,At-Risk
SWGY12424,145,1,426.63,2,2,4,8,Loyal
SWGY12428,13,1,102.49,4,2,1,7,Potential
SWGY12433,280,1,445.45,1,2,4,7,Potential
SWGY12434,170,1,64.36,2,2,1,5,At-Risk
SWGY12435,97,1,152.44,2,2,2,6,Potential
SWGY12436,28,1,94.02,3,2,1,6,Potential
SWGY12445,493,1,100.04,1,2,1,4,At-Risk
SWGY12449,7,1,49.87,4,2,1,7,Potential
SWGY12452,5,1,134.64,4,2,2,8,Loyal
SWGY12453,15,1,159.88,4,2,2,8,Loyal
SWGY12454,30,4,891.57,3,4,4,11,Champions
SWGY12457,404,1,108.87,1,2,2,5,At-Risk
SWGY12459,190,1,381.14,2,2,4,8,Loyal
SWGY12460,211,1,152.26,2,2,2,6,Potential
SWGY12464,9,3,675.78,4,4,4,12,Champions
SWGY12466,289,1,121.55,1,2,2,5,At-Risk
SWGY12467,661,2,414.20000000000005,1,4,4,9,Loyal
SWGY12469,342,1,329.47,1,2,4,7,Potential
SWGY12470,539,1,78.14,1,2,1,4,At-Risk
SWGY12472,336,1,227.6,1,2,3,6,Potential
SWGY12477,99,1,280.53,2,2,3,7,Potential
SWGY12480,158,1,126.75,2,2,2,6,Potential
SWGY12482,4,2,261.48,4,4,3,11,Champions
SWGY12485,401,1,101.74,1,2,1,4,At-Risk
SWGY12487,254,1,155.46,2,2,2,6,Potential
SWGY12489,24,1,203.45,3,2,3,8,Loyal
SWGY12491,547,1,202.73,1,2,3,6,Potential
SWGY12494,141,1,8.29,2,2,1,5,At-Risk
SWGY12500,325,1,223.56,1,2,3,6,Potential
SWGY12503,32,2,439.3,3,4,4,11,Champions
SWGY12507,17,1,149.23,4,2,2,8,Loyal
SWGY12508,596,1,173.86,1,2,2,5,At-Risk
SWGY12509,193,1,183.28,2,2,2,6,Potential
SWGY12512,93,1,470.84,2,2,4,8,Loyal
SWGY12520,154,1,111.3,2,2,2,6,Potential
SWGY12521,101,1,42.35,2,2,1,5,At-Risk
SWGY12525,3,1,70.01,4,2,1,7,Potential
SWGY12527,555,1,400.35,1,2,4,7,Potential
SWGY12530,198,1,155.78,2,2,2,6,Potential
SWGY12532,541,1,269.52,1,2,3,6,Potential
SWGY12533,406,1,64.48,1,2,1,4,At-Risk
SWGY12534,401,2,281.19,1,4,3,8,Loyal
SWGY12536,3,1,144.5,4,2,2,8,Loyal
SWGY12537,112,1,263.04,2,2,3,7,Potential
SWGY12548,16,1,94.97,4,2,1,7,Potential
SWGY12550,17,1,457.16,4,2,4,10,Champions
SWGY12555,106,1,95.21,2,2,1,5,At-Risk
SWGY12560,483,1,287.86,1,2,3,6,Potential
SWGY12561,2,3,429.90999999999997,4,4,4,12,Champions
SWGY12563,199,1,521.02,2,2,4,8,Loyal
SWGY12565,5,4,440.44,4,4,4,12,Champions
SWGY12572,89,2,245.1,2,4,3,9,Loyal
SWGY12577,51,2,273.73,3,4,3,10,Champions
SWGY12583,14,3,554.1899999999999,4,4,4,12,Champions
SWGY12585,278,1,60.16,1,2,1,4,At-Risk
SWGY12590,505,1,132.75,1,2,2,5,At-Risk
SWGY12592,25,1,162.56,3,2,2,7,Potential
SWGY12598,3,1,222.7,4,2,3,9,Loyal
SWGY12602,25,1,179.91,3,2,2,7,Potential
SWGY12605,24,1,98.54,3,2,1,6,Potential
SWGY12606,12,1,65.33,4,2,1,7,Potential
SWGY12608,321,1,159.12,1,2,2,5,At-Risk
SWGY12609,62,2,513.71,3,4,4,11,Champions
SWGY12610,30,1,55.45,3,2,1,6,Potential
SWGY12611,33,1,209.23,3,2,3,8,Loyal
SWGY12612,405,1,250.6,1,2,3,6,Potential
SWGY12613,17,1,265.07,4,2,3,9,Loyal
SWGY12620,29,1,139.52,3,2,2,7,Potential
SWGY12621,400,1,85.5,1,2,1,4,At-Risk
SWGY12622,227,1,160.96,2,2,2,6,Potential
SWGY12625,7,2,236.06,4,4,3,11,Champions
SWGY12626,30,1,69.73,3,2,1,6,Potential
SWGY12627,15,1,152.55,4,2,2,8,Loyal
SWGY12634,27,1,177.95,3,2,2,7,Potential
SWGY12635,22,1,85.1,3,2,1,6,Potential
SWGY12636,259,1,175.21,2,2,2,6,Potential
SWGY12638,1,1,182.07,4,2,2,8,Loyal
SWGY12640,8,1,580.7,4,2,4,10,Champions
SWGY12645,87,1,237.05,2,2,3,7,Potential
SWGY12647,619,1,140.0,1,2,2,5,At-Risk
SWGY12651,418,1,365.6,1,2,4,7,Potential
SWGY12656,135,1,78.44,2,2,1,5,At-Risk
SWGY12664,13,1,150.67,4,2,2,8,Loyal
SWGY12665,209,1,454.78,2,2,4,8,Loyal
SWGY12669,143,1,173.52,2,2,2,6,Potential
SWGY12673,463,1,5.74,1,2,1,4,At-Risk
SWGY12679,24,2,483.57,3,4,4,11,Champions
SWGY12688,88,2,446.87,2,4,4,10,Champions
SWGY12689,25,1,118.42,3,2,2,7,Potential
SWGY12690,28,1,266.6,3,2,3,8,Loyal
SWGY12692,207,1,307.04,2,2,3,7,Potential
SWGY12695,409,2,168.81,1,4,2,7,Potential
SWGY12697,360,1,254.77,1,2,3,6,Potential
SWGY12698,29,1,369.01,3,2,4,9,Loyal
SWGY12703,7,2,153.32,4,4,2,10,Champions
SWGY12708,438,1,383.64,1,2,4,7,Potential
SWGY12716,26,2,513.1899999999999,3,4,4,11,Champions
SWGY12728,54,1,80.78,3,2,1,6,Potential
SWGY12729,25,1,95.36,3,2,1,6,Potential
SWGY12731,8,1,137.13,4,2,2,8,Loyal
SWGY12736,46,1,145.37,3,2,2,7,Potential
SWGY12737,12,1,122.91,4,2,2,8,Loyal
SWGY12740,11,1,597.65,4,2,4,10,Champions
SWGY12743,19,1,118.49,3,2,2,7,Potential
SWGY12744,6,2,565.24,4,4,4,12,Champions
SWGY12747,294,1,95.94,1,2,1,4,At-Risk
SWGY12750,342,1,324.92,1,2,3,6,Potential
SWGY12753,291,1,87.65,1,2,1,4,At-Risk
SWGY12754,168,1,27.68,2,2,1,5,At-Risk
SWGY12755,253,1,117.15,2,2,2,6,Potential
SWGY12764,4,1,96.8,4,2,1,7,Potential
SWGY12765,30,1,104.05,3,2,1,6,Potential
SWGY12767,15,2,348.45,4,4,4,12,Champions
SWGY12769,459,1,104.31,1,2,1,4,At-Risk
SWGY12774,255,1,332.96,2,2,4,8,Loyal
SWGY12782,31,2,867.8199999999999,3,4,4,11,Champions
SWGY12789,223,2,417.90000000000003,2,4,4,10,Champions
SWGY12793,8,1,15.53,4,2,1,7,Potential
SWGY12804,335,1,132.75,1,2,2,5,At-Risk
SWGY12806,260,1,410.71,2,2,4,8,Loyal
SWGY12811,27,1,676.82,3,2,4,9,Loyal
SWGY12816,31,1,464.8,3,2,4,9,Loyal
SWGY12818,10,1,127.05,4,2,2,8,Loyal
SWGY12819,179,1,102.21,2,2,1,5,At-Risk
SWGY12820,510,1,183.87,1,2,2,5,At-Risk
SWGY12822,100,1,67.9,2,2,1,5,At-Risk
SWGY12827,26,2,757.03,3,4,4,11,Champions
SWGY12830,4,1,102.32,4,2,1,7,Potential
SWGY12831,10,1,160.65,4,2,2,8,Loyal
SWGY12835,12,1,92.19,4,2,1,7,Potential
SWGY12836,504,1,63.0,1,2,1,4,At-Risk
SWGY12837,541,1,209.63,1,2,3,6,Potential
SWGY12841,96,1,284.36,2,2,3,7,Potential
SWGY12843,2,1,71.86,4,2,1,7,Potential
SWGY12845,11,2,500.92999999999995,4,4,4,12,Champions
SWGY12849,232,1,89.08,2,2,1,5,At-Risk
SWGY12852,409,1,86.8,1,2,1,4,At-Risk
SWGY12854,218,2,631.0799999999999,2,4,4,10,Champions
SWGY12855,70,2,427.63,3,4,4,11,Champions
SWGY12860,99,1,62.46,2,2,1,5,At-Risk
SWGY12864,259,1,172.76,2,2,2,6,Potential
SWGY12866,10,1,187.41,4,2,2,8,Loyal
SWGY12868,5,1,86.07,4,2,1,7,Potential
SWGY12869,6,2,625.39,4,4,4,12,Champions
SWGY12870,26,2,189.88,3,4,2,9,Loyal
SWGY12877,246,1,378.04,2,2,4,8,Loyal
SWGY12879,19,1,12.49,3,2,1,6,Potential
SWGY12880,25,1,367.68,3,2,4,9,Loyal
SWGY12881,99,2,270.11,2,4,3,9,Loyal
SWGY12882,24,1,183.39,3,2,2,7,Potential
SWGY12886,500,1,414.69,1,2,4,7,Potential
SWGY12887,8,3,589.72,4,4,4,12,Champions
SWGY12888,29,1,362.17,3,2,4,9,Loyal
SWGY12890,280,2,428.84000000000003,1,4,4,9,Loyal
SWGY12891,353,1,263.27,1,2,3,6,Potential
SWGY12892,30,2,607.94,3,4,4,11,Champions
SWGY12893,12,1,229.28,4,2,3,9,Loyal
SWGY12902,21,1,315.69,3,2,3,8,Loyal
SWGY12903,12,1,62.78,4,2,1,7,Potential
SWGY12908,89,1,189.55,2,2,2,6,Potential
SWGY12910,338,1,37.37,1,2,1,4,At-Risk
SWGY12911,1,1,270.03,4,2,3,9,Loyal
SWGY12917,29,2,426.21000000000004,3,4,4,11,Champions
SWGY12918,4,1,273.85,4,2,3,9,Loyal
SWGY12919,20,1,81.64,3,2,1,6,Potential
SWGY12920,26,1,164.83,3,2,2,7,Potential
SWGY12922,282,2,230.3,1,4,3,8,Loyal
SWGY12928,287,1,143.64,1,2,2,5,At-Risk
SWGY12929,452,1,520.18,1,2,4,7,Potential
SWGY12930,358,1,471.72,1,2,4,7,Potential
SWGY12939,268,1,109.0,1,2,2,5,At-Risk
SWGY12942,12,1,173.16,4,2,2,8,Loyal
SWGY12943,12,1,113.81,4,2,2,8,Loyal
SWGY12945,11,2,637.1800000000001,4,4,4,12,Champions
SWGY12952,379,1,69.01,1,2,1,4,At-Risk
SWGY12957,4,1,114.98,4,2,2,8,Loyal
SWGY12962,241,1,91.13,2,2,1,5,At-Risk
SWGY12965,475,1,45.19,1,2,1,4,At-Risk
SWGY12967,162,1,42.65,2,2,1,5,At-Risk
SWGY12968,17,1,55.71,4,2,1,7,Potential
SWGY12977,22,2,259.95,3,4,3,10,Champions
SWGY12984,89,1,135.73,2,2,2,6,Potential
SWGY12985,13,1,156.05,4,2,2,8,Loyal
SWGY12991,254,1,126.23,2,2,2,6,Potential
SWGY13000,144,1,135.89,2,2,2,6,Potential
SWGY13009,22,1,77.69,3,2,1,6,Potential
SWGY13013,16,2,453.62,4,4,4,12,Champions
SWGY13015,144,1,71.06,2,2,1,5,At-Risk
SWGY13016,378,1,193.41,1,2,3,6,Potential
SWGY13018,390,1,99.84,1,2,1,4,At-Risk
SWGY13019,31,1,46.97,3,2,1,6,Potential
SWGY13025,738,1,72.99,1,2,1,4,At-Risk
SWGY13031,115,1,130.89,2,2,2,6,Potential
SWGY13034,210,1,63.57,2,2,1,5,At-Risk
SWGY13036,2,1,739.75,4,2,4,10,Champions
SWGY13037,25,2,347.24,3,4,4,11,Champions
SWGY13039,31,2,654.88,3,4,4,11,Champions
SWGY13040,271,1,114.83,1,2,2,5,At-Risk
SWGY13043,9,1,16.04,4,2,1,7,Potential
SWGY13048,25,1,409.61,3,2,4,9,Loyal
SWGY13050,170,2,236.20000000000002,2,4,3,9,Loyal
SWGY13057,219,1,191.04,2,2,3,7,Potential
SWGY13059,71,1,196.45,3,2,3,8,Loyal
SWGY13063,23,1,434.94,3,2,4,9,Loyal
SWGY13064,371,1,94.44,1,2,1,4,At-Risk
SWGY13065,628,1,303.47,1,2,3,6,Potential
SWGY13069,46,1,154.98,3,2,2,7,Potential
SWGY13071,41,1,192.58,3,2,3,8,Loyal
SWGY13072,151,1,360.22,2,2,4,8,Loyal
SWGY13075,396,1,85.86,1,2,1,4,At-Risk
SWGY13077,163,1,123.36,2,2,2,6,Potential
SWGY13091,10,1,280.35,4,2,3,9,Loyal
SWGY13092,1,1,237.15,4,2,3,9,Loyal
SWGY13094,36,1,82.24,3,2,1,6,Potential
SWGY13100,264,1,131.92,2,2,2,6,Potential
SWGY13113,276,1,79.67,1,2,1,4,At-Risk
SWGY13116,82,1,31.44,3,2,1,6,Potential
SWGY13117,279,1,80.49,1,2,1,4,At-Risk
SWGY13139,154,1,59.88,2,2,1,5,At-Risk
SWGY13140,65,1,20.54,3,2,1,6,Potential
SWGY13142,24,1,70.22,3,2,1,6,Potential
SWGY13150,165,1,228.34,2,2,3,7,Potential
SWGY13155,160,1,321.12,2,2,3,7,Potential
SWGY13156,224,1,303.4,2,2,3,7,Potential
SWGY13158,3,2,417.99,4,4,4,12,Champions
SWGY13160,186,1,129.93,2,2,2,6,Potential
SWGY13161,307,1,101.91,1,2,1,4,At-Risk
SWGY13166,464,1,204.06,1,2,3,6,Potential
SWGY13167,196,1,335.38,2,2,4,8,Loyal
SWGY13171,14,1,147.49,4,2,2,8,Loyal
SWGY13175,239,1,123.48,2,2,2,6,Potential
SWGY13176,260,1,18.89,2,2,1,5,At-Risk
SWGY13178,216,1,212.59,2,2,3,7,Potential
SWGY13189,503,2,366.5,1,4,4,9,Loyal
SWGY13190,18,1,262.07,4,2,3,9,Loyal
SWGY13199,403,2,293.92,1,4,3,8,Loyal
SWGY13200,23,1,112.95,3,2,2,7,Potential
SWGY13203,12,1,260.02,4,2,3,9,Loyal
SWGY13205,211,1,120.82,2,2,2,6,Potential
SWGY13214,25,1,91.66,3,2,1,6,Potential
SWGY13223,176,1,35.74,2,2,1,5,At-Risk
SWGY13225,189,1,377.66,2,2,4,8,Loyal
SWGY13228,1,1,78.45,4,2,1,7,Potential
SWGY13233,221,1,523.76,2,2,4,8,Loyal
SWGY13237,21,1,393.8,3,2,4,9,Loyal
SWGY13243,25,3,595.5500000000001,3,4,4,11,Champions
SWGY13244,11,2,354.14,4,4,4,12,Champions
SWGY13252,4,1,176.58,4,2,2,8,Loyal
SWGY13261,249,1,102.96,2,2,1,5,At-Risk
SWGY13262,16,1,252.43,4,2,3,9,Loyal
SWGY13266,4,1,137.11,4,2,2,8,Loyal
SWGY13272,17,1,221.3,4,2,3,9,Loyal
SWGY13275,507,1,249.63,1,2,3,6,Potential
SWGY13276,243,1,88.72,2,2,1,5,At-Risk
SWGY13281,500,1,33.9,1,2,1,4,At-Risk
SWGY13284,120,1,232.6,2,2,3,7,Potential
SWGY13285,272,1,79.64,1,2,1,4,At-Risk
SWGY13287,26,1,106.94,3,2,2,7,Potential
SWGY13290,13,1,285.43,4,2,3,9,Loyal
SWGY13294,122,1,158.29,2,2,2,6,Potential
SWGY13296,18,2,628.1800000000001,4,4,4,12,Champions
SWGY13297,318,1,13.9,1,2,1,4,At-Risk
SWGY13298,15,1,130.1,4,2,2,8,Loyal
SWGY13301,12,1,2.46,4,2,1,7,Potential
SWGY13302,22,2,250.07,3,4,3,10,Champions
SWGY13303,422,1,155.1,1,2,2,5,At-Risk
SWGY13304,174,1,77.61,2,2,1,5,At-Risk
SWGY13305,128,1,120.1,2,2,2,6,Potential
SWGY13309,12,2,230.39,4,4,3,11,Champions
SWGY13310,85,1,75.53,2,2,1,5,At-Risk
SWGY13316,4,1,86.37,4,2,1,7,Potential
SWGY13325,106,1,35.53,2,2,1,5,At-Risk
SWGY13329,295,1,155.28,1,2,2,5,At-Risk
SWGY13330,171,1,161.32,2,2,2,6,Potential
SWGY13333,212,1,169.19,2,2,2,6,Potential
SWGY13335,26,1,73.09,3,2,1,6,Potential
SWGY13340,145,1,230.09,2,2,3,7,Potential
SWGY13344,6,1,190.05,4,2,2,8,Loyal
SWGY13346,4,1,151.62,4,2,2,8,Loyal
SWGY13348,189,1,270.84,2,2,3,7,Potential
SWGY13349,9,1,124.57,4,2,2,8,Loyal
SWGY13352,218,1,58.28,2,2,1,5,At-Risk
SWGY13353,180,1,59.9,2,2,1,5,At-Risk
SWGY13354,201,1,295.46,2,2,3,7,Potential
SWGY13359,387,1,369.15,1,2,4,7,Potential
SWGY13362,161,1,355.11,2,2,4,8,Loyal
SWGY13378,3,1,21.69,4,2,1,7,Potential
SWGY13379,43,3,663.7,3,4,4,11,Champions
SWGY13381,17,2,317.86,4,4,3,11,Champions
SWGY13384,110,1,146.51,2,2,2,6,Potential
SWGY13385,53,2,317.1,3,4,3,10,Champions
SWGY13392,364,1,136.49,1,2,2,5,At-Risk
SWGY13394,5,1,118.15,4,2,2,8,Loyal
SWGY13399,70,1,155.55,3,2,2,7,Potential
SWGY13401,20,1,428.26,3,2,4,9,Loyal
SWGY13403,20,1,38.86,3,2,1,6,Potential
SWGY13404,21,1,97.61,3,2,1,6,Potential
SWGY13414,483,1,182.15,1,2,2,5,At-Risk
SWGY13421,174,2,242.86,2,4,3,9,Loyal
SWGY13429,9,2,108.59,4,4,2,10,Champions
SWGY13430,112,1,150.59,2,2,2,6,Potential
SWGY13431,42,1,33.59,3,2,1,6,Potential
SWGY13433,276,2,408.9,1,4,4,9,Loyal
SWGY13434,12,1,96.22,4,2,1,7,Potential
SWGY13440,3,1,448.95,4,2,4,10,Champions
SWGY13441,176,1,208.78,2,2,3,7,Potential
SWGY13443,138,1,260.12,2,2,3,7,Potential
SWGY13444,67,1,127.3,3,2,2,7,Potential
SWGY13446,170,1,321.22,2,2,3,7,Potential
SWGY13450,2,1,296.42,4,2,3,9,Loyal
SWGY13457,12,1,118.2,4,2,2,8,Loyal
SWGY13460,173,1,164.04,2,2,2,6,Potential
SWGY13461,19,1,181.4,3,2,2,7,Potential
SWGY13466,123,1,145.98,2,2,2,6,Potential
SWGY13467,6,1,267.33,4,2,3,9,Loyal
SWGY13470,29,1,25.31,3,2,1,6,Potential
SWGY13471,212,1,81.43,2,2,1,5,At-Risk
SWGY13477,1,2,444.0,4,4,4,12,Champions
SWGY13483,142,1,118.03,2,2,2,6,Potential
SWGY13490,360,1,183.63,1,2,2,5,At-Risk
SWGY13498,205,1,283.41,2,2,3,7,Potential
SWGY13499,85,2,491.19000000000005,2,4,4,10,Champions
SWGY13500,16,1,4.36,4,2,1,7,Potential
SWGY13501,22,1,204.92,3,2,3,8,Loyal
SWGY13502,16,1,78.25,4,2,1,7,Potential
SWGY13503,21,1,226.5,3,2,3,8,Loyal
SWGY13515,30,1,165.68,3,2,2,7,Potential
SWGY13517,14,1,13.29,4,2,1,7,Potential
SWGY13518,607,1,262.26,1,2,3,6,Potential
SWGY13523,240,3,875.6600000000001,2,4,4,10,Champions
SWGY13526,22,1,26.01,3,2,1,6,Potential
SWGY13527,330,2,434.92,1,4,4,9,Loyal
SWGY13534,25,1,306.77,3,2,3,8,Loyal
SWGY13538,370,1,186.05,1,2,2,5,At-Risk
SWGY13539,170,1,126.34,2,2,2,6,Potential
SWGY13540,1,1,299.23,4,2,3,9,Loyal
SWGY13542,170,1,58.92,2,2,1,5,At-Risk
SWGY13555,164,1,87.85,2,2,1,5,At-Risk
SWGY13557,518,1,395.07,1,2,4,7,Potential
SWGY13559,13,1,245.03,4,2,3,9,Loyal
SWGY13564,10,2,672.16,4,4,4,12,Champions
SWGY13566,8,1,92.48,4,2,1,7,Potential
SWGY13571,312,1,399.94,1,2,4,7,Potential
SWGY13573,463,2,339.06,1,4,4,9,Loyal
SWGY13577,15,1,77.37,4,2,1,7,Potential
SWGY13578,94,2,578.3,2,4,4,10,Champions
SWGY13579,265,1,295.18,1,2,3,6,Potential
SWGY13583,185,1,97.71,2,2,1,5,At-Risk
SWGY13585,434,1,78.45,1,2,1,4,At-Risk
SWGY13586,16,1,106.68,4,2,2,8,Loyal
SWGY13587,27,2,654.21,3,4,4,11,Champions
SWGY13592,320,1,167.23,1,2,2,5,At-Risk
SWGY13593,131,1,94.87,2,2,1,5,At-Risk
SWGY13597,264,1,982.1,2,2,4,8,Loyal
SWGY13598,50,1,148.32,3,2,2,7,Potential
SWGY13602,13,2,58.040000000000006,4,4,1,9,Loyal
SWGY13603,190,1,189.73,2,2,2,6,Potential
SWGY13609,89,2,536.9200000000001,2,4,4,10,Champions
SWGY13610,125,2,346.88,2,4,4,10,Champions
SWGY13616,346,1,163.03,1,2,2,5,At-Risk
SWGY13619,126,1,71.32,2,2,1,5,At-Risk
SWGY13626,2,2,328.38,4,4,4,12,Champions
SWGY13628,25,1,144.02,3,2,2,7,Potential
SWGY13632,1,1,125.17,4,2,2,8,Loyal
SWGY13634,231,1,244.43,2,2,3,7,Potential
SWGY13637,12,2,333.77,4,4,4,12,Champions
SWGY13645,87,1,39.73,2,2,1,5,At-Risk
SWGY13651,29,1,157.22,3,2,2,7,Potential
SWGY13659,22,1,193.44,3,2,3,8,Loyal
SWGY13661,203,1,8.04,2,2,1,5,At-Risk
SWGY13662,257,1,249.71,2,2,3,7,Potential
SWGY13664,193,1,258.3,2,2,3,7,Potential
SWGY13665,87,2,411.61,2,4,4,10,Champions
SWGY13672,3,1,202.05,4,2,3,9,Loyal
SWGY13675,4,1,509.98,4,3,4,11,Champions
SWGY13678,240,1,287.06,2,3,3,8,Loyal
SWGY13687,232,1,83.29,2,3,1,6,Potential
SWGY13692,387,1,156.68,1,3,2,6,Potential
SWGY13694,18,1,177.02,4,3,2,9,Loyal
SWGY13698,84,2,717.91,3,4,4,11,Champions
SWGY13700,134,1,430.69,2,3,4,9,Loyal
SWGY13704,188,1,129.08,2,3,2,7,Potential
SWGY13705,25,1,443.38,3,3,4,10,Champions
SWGY13710,373,1,251.38,1,3,3,7,Potential
SWGY13712,253,1,310.58,2,3,3,8,Loyal
SWGY13714,309,1,347.33,1,3,4,8,Loyal
SWGY13723,23,1,229.16,3,3,3,9,Loyal
SWGY13731,10,2,269.73,4,4,3,11,Champions
SWGY13733,532,1,99.45,1,3,1,5,At-Risk
SWGY13735,28,1,163.99,3,3,2,8,Loyal
SWGY13738,28,1,78.3,3,3,1,7,Potential
SWGY13747,3,1,182.08,4,3,2,9,Loyal
SWGY13752,290,1,311.84,1,3,3,7,Potential
SWGY13753,97,1,57.39,2,3,1,6,Potential
SWGY13754,7,2,455.75,4,4,4,12,Champions
SWGY13761,560,1,251.43,1,3,3,7,Potential
SWGY13766,76,1,115.3,3,3,2,8,Loyal
SWGY13768,29,2,213.3,3,4,3,10,Champions
SWGY13773,22,1,263.76,3,3,3,9,Loyal
SWGY13790,2,3,655.64,4,4,4,12,Champions
SWGY13800,22,2,601.0899999999999,3,4,4,11,Champions
SWGY13804,2,1,165.76,4,3,2,9,Loyal
SWGY13805,7,1,15.54,4,3,1,8,Loyal
SWGY13810,166,1,91.54,2,3,1,6,Potential
SWGY13813,507,2,114.62,1,4,2,7,Potential
SWGY13814,1,2,912.09,4,4,4,12,Champions
SWGY13817,45,1,98.75,3,3,1,7,Potential
SWGY13819,329,1,26.98,1,3,1,5,At-Risk
SWGY13821,365,1,114.59,1,3,2,6,Potential
SWGY13822,337,1,215.87,1,3,3,7,Potential
SWGY13824,5,1,632.54,4,3,4,11,Champions
SWGY13827,152,1,87.05,2,3,1,6,Potential
SWGY13828,294,1,238.87,1,3,3,7,Potential
SWGY13829,25,1,126.53,3,3,2,8,Loyal
SWGY13830,203,2,443.63,2,4,4,10,Champions
SWGY13831,18,1,91.09,4,3,1,8,Loyal
SWGY13832,21,1,237.89,3,3,3,9,Loyal
SWGY13835,350,1,61.83,1,3,1,5,At-Risk
SWGY13852,45,1,201.5,3,3,3,9,Loyal
SWGY13857,500,2,503.37,1,4,4,9,Loyal
SWGY13862,248,1,230.05,2,3,3,8,Loyal
SWGY13863,16,2,568.86,4,4,4,12,Champions
SWGY13864,223,1,125.19,2,3,2,7,Potential
SWGY13872,574,1,138.71,1,3,2,6,Potential
SWGY13873,26,1,136.25,3,3,2,8,Loyal
SWGY13875,123,1,299.69,2,3,3,8,Loyal
SWGY13879,259,1,330.36,2,3,4,9,Loyal
SWGY13881,402,1,573.25,1,3,4,8,Loyal
SWGY13883,22,1,150.53,3,3,2,8,Loyal
SWGY13888,472,1,412.41,1,3,4,8,Loyal
SWGY13892,490,1,100.46,1,3,1,5,At-Risk
SWGY13898,148,1,127.72,2,3,2,7,Potential
SWGY13915,333,1,392.49,1,3,4,8,Loyal
SWGY13918,196,1,270.5,2,3,3,8,Loyal
SWGY13921,45,1,146.49,3,3,2,8,Loyal
SWGY13923,309,1,49.16,1,3,1,5,At-Risk
SWGY13925,16,1,22.9,4,3,1,8,Loyal
SWGY13927,461,1,110.8,1,3,2,6,Potential
SWGY13932,561,1,485.93,1,3,4,8,Loyal
SWGY13936,54,1,247.15,3,3,3,9,Loyal
SWGY13940,143,1,75.47,2,3,1,6,Potential
SWGY13942,31,1,230.37,3,3,3,9,Loyal
SWGY13952,368,1,206.96,1,3,3,7,Potential
SWGY13957,6,2,386.1,4,4,4,12,Champions
SWGY13958,20,1,203.89,3,3,3,9,Loyal
SWGY13959,11,1,193.71,4,3,3,10,Champions
SWGY13963,266,1,169.03,1,3,2,6,Potential
SWGY13966,168,1,149.06,2,3,2,7,Potential
SWGY13968,302,1,69.5,1,3,1,5,At-Risk
SWGY13973,421,1,25.04,1,3,1,5,At-Risk
SWGY13980,189,1,94.13,2,3,1,6,Potential
SWGY13981,21,1,102.16,3,3,1,7,Potential
SWGY13983,330,1,289.05,1,3,3,7,Potential
SWGY13984,1,1,151.77,4,3,2,9,Loyal
SWGY13985,112,1,241.65,2,3,3,8,Loyal
SWGY13989,278,2,278.87,1,4,3,8,Loyal
SWGY14000,482,1,15.66,1,3,1,5,At-Risk
SWGY14002,2,1,34.93,4,3,1,8,Loyal
SWGY14004,27,1,130.52,3,3,2,8,Loyal
SWGY14007,237,1,201.51,2,3,3,8,Loyal
SWGY14011,128,1,207.79,2,3,3,8,Loyal
SWGY14012,11,1,203.59,4,3,3,10,Champions
SWGY14015,582,2,219.31,1,4,3,8,Loyal
SWGY14023,2,1,511.96,4,3,4,11,Champions
SWGY14024,14,2,406.99,4,4,4,12,Champions
SWGY14026,15,1,308.7,4,3,3,10,Champions
SWGY14027,166,1,322.71,2,3,3,8,Loyal
SWGY14028,3,2,189.75,4,4,2,10,Champions
SWGY14032,195,1,331.56,2,3,4,9,Loyal
SWGY14034,56,2,158.64999999999998,3,4,2,9,Loyal
SWGY14047,577,1,143.4,1,3,2,6,Potential
SWGY14049,16,2,391.37,4,4,4,12,Champions
SWGY14057,31,2,321.27,3,4,3,10,Champions
SWGY14058,9,2,376.51,4,4,4,12,Champions
SWGY14059,289,2,416.14,1,4,4,9,Loyal
SWGY14063,99,1,140.98,2,3,2,7,Potential
SWGY14065,196,1,261.96,2,3,3,8,Loyal
SWGY14067,28,1,409.58,3,3,4,10,Champions
SWGY14069,348,1,203.51,1,3,3,7,Potential
SWGY14075,8,1,139.73,4,3,2,9,Loyal
SWGY14078,23,1,219.84,3,3,3,9,Loyal
SWGY14083,18,1,187.45,4,3,2,9,Loyal
SWGY14085,193,1,123.49,2,3,2,7,Potential
SWGY14088,71,1,124.06,3,3,2,8,Loyal
SWGY14089,17,1,160.92,4,3,2,9,Loyal
SWGY14090,13,1,445.13,4,3,4,11,Champions
SWGY14098,382,1,472.78,1,3,4,8,Loyal
SWGY14100,5,1,54.32,4,3,1,8,Loyal
SWGY14104,6,1,72.52,4,3,1,8,Loyal
SWGY14111,4,1,423.56,4,3,4,11,Champions
SWGY14113,263,1,227.89,2,3,3,8,Loyal
SWGY14115,75,2,327.03000000000003,3,4,4,11,Champions
SWGY14121,15,1,134.4,4,3,2,9,Loyal
SWGY14134,170,1,44.92,2,3,1,6,Potential
SWGY14138,255,1,200.84,2,3,3,8,Loyal
SWGY14140,29,1,34.23,3,3,1,7,Potential
SWGY14144,382,1,167.05,1,3,2,6,Potential
SWGY14146,78,1,182.32,3,3,2,8,Loyal
SWGY14147,103,1,432.77,2,3,4,9,Loyal
SWGY14154,161,1,403.81,2,3,4,9,Loyal
SWGY14164,167,1,235.23,2,3,3,8,Loyal
SWGY14165,16,2,541.74,4,4,4,12,Champions
SWGY14169,190,1,32.08,2,3,1,6,Potential
SWGY14174,2,2,185.61,4,4,2,10,Champions
SWGY14177,31,2,208.42000000000002,3,4,3,10,Champions
SWGY14180,22,1,136.92,3,3,2,8,Loyal
SWGY14181,10,1,165.27,4,3,2,9,Loyal
SWGY14186,17,3,488.71000000000004,4,4,4,12,Champions
SWGY14188,593,1,266.26,1,3,3,7,Potential
SWGY14190,320,1,213.69,1,3,3,7,Potential
SWGY14195,252,1,327.44,2,3,4,9,Loyal
SWGY14200,36,1,137.83,3,3,2,8,Loyal
SWGY14201,24,1,326.64,3,3,4,10,Champions
SWGY14206,29,1,50.64,3,3,1,7,Potential
SWGY14213,25,1,86.06,3,3,1,7,Potential
SWGY14220,155,1,301.25,2,3,3,8,Loyal
SWGY14236,52,1,46.78,3,3,1,7,Potential
SWGY14242,476,1,79.15,1,3,1,5,At-Risk
SWGY14243,19,1,11.72,3,3,1,7,Potential
SWGY14248,20,1,145.05,3,3,2,8,Loyal
SWGY14254,543,1,70.45,1,3,1,5,At-Risk
SWGY14257,225,1,198.59,2,3,3,8,Loyal
SWGY14258,440,1,253.01,1,3,3,7,Potential
SWGY14263,536,1,15.88,1,3,1,5,At-Risk
SWGY14264,82,1,117.22,3,3,2,8,Loyal
SWGY14265,204,2,453.09000000000003,2,4,4,10,Champions
SWGY14266,26,1,67.05,3,3,1,7,Potential
SWGY14272,309,1,34.28,1,3,1,5,At-Risk
SWGY14273,19,1,82.47,3,3,1,7,Potential
SWGY14275,120,2,361.0,2,4,4,10,Champions
SWGY14277,238,2,368.3,2,4,4,10,Champions
SWGY14278,123,1,132.34,2,3,2,7,Potential
SWGY14281,291,1,46.63,1,3,1,5,At-Risk
SWGY14284,57,1,171.66,3,3,2,8,Loyal
SWGY14285,330,1,255.33,1,3,3,7,Potential
SWGY14289,117,2,169.24,2,4,2,8,Loyal
SWGY14290,442,1,36.28,1,3,1,5,At-Risk
SWGY14292,21,1,225.09,3,3,3,9,Loyal
SWGY14300,24,1,185.2,3,3,2,8,Loyal
SWGY14306,2,1,212.5,4,3,3,10,Champions
SWGY14308,559,1,311.08,1,3,3,7,Potential
SWGY14311,7,3,933.23,4,4,4,12,Champions
SWGY14318,163,1,150.6,2,3,2,7,Potential
SWGY14322,384,1,196.22,1,3,3,7,Potential
SWGY14336,30,1,71.82,3,3,1,7,Potential
SWGY14339,14,1,196.04,4,3,3,10,Champions
SWGY14341,386,1,77.01,1,3,1,5,At-Risk
SWGY14342,12,1,257.16,4,3,3,10,Champions
SWGY14345,170,1,66.07,2,3,1,6,Potential
SWGY14347,15,3,549.18,4,4,4,12,Champions
SWGY14349,123,1,158.75,2,3,2,7,Potential
SWGY14350,5,1,112.6,4,3,2,9,Loyal
SWGY14358,532,1,444.01,1,3,4,8,Loyal
SWGY14359,322,1,31.97,1,3,1,5,At-Risk
SWGY14362,25,2,701.3299999999999,3,4,4,11,Champions
SWGY14369,62,1,128.82,3,3,2,8,Loyal
SWGY14377,6,1,109.48,4,3,2,9,Loyal
SWGY14378,50,1,281.78,3,3,3,9,Loyal
SWGY14385,232,1,282.67,2,3,3,8,Loyal
SWGY14387,21,1,302.21,3,3,3,9,Loyal
SWGY14389,11,2,195.48000000000002,4,4,3,11,Champions
SWGY14390,5,1,38.79,4,3,1,8,Loyal
SWGY14394,78,1,88.97,3,3,1,7,Potential
SWGY14396,83,1,363.93,3,3,4,10,Champions
SWGY14399,15,1,35.6,4,3,1,8,Loyal
SWGY14401,64,1,133.33,3,3,2,8,Loyal
SWGY14404,70,1,245.95,3,3,3,9,Loyal
SWGY14406,208,1,216.89,2,3,3,8,Loyal
SWGY14410,23,1,160.96,3,3,2,8,Loyal
SWGY14411,316,1,189.9,1,3,2,6,Potential
SWGY14412,176,1,141.97,2,3,2,7,Potential
SWGY14413,423,1,159.61,1,3,2,6,Potential
SWGY14416,5,2,215.68,4,4,3,11,Champions
SWGY14425,266,2,530.92,1,4,4,9,Loyal
SWGY14426,15,1,142.77,4,3,2,9,Loyal
SWGY14428,11,1,120.57,4,3,2,9,Loyal
SWGY14431,27,2,220.44,3,4,3,10,Champions
SWGY14432,26,1,172.13,3,3,2,8,Loyal
SWGY14440,3,1,68.18,4,3,1,8,Loyal
SWGY14446,21,1,865.34,3,3,4,10,Champions
SWGY14448,29,1,217.59,3,3,3,9,Loyal
SWGY14455,2,1,182.76,4,3,2,9,Loyal
SWGY14456,14,1,273.09,4,3,3,10,Champions
SWGY14459,93,1,174.57,2,3,2,7,Potential
SWGY14462,287,2,526.16,1,4,4,9,Loyal
SWGY14464,391,1,97.17,1,3,1,5,At-Risk
SWGY14466,9,1,233.17,4,3,3,10,Champions
SWGY14471,99,2,384.39,2,4,4,10,Champions
SWGY14476,297,1,391.48,1,3,4,8,Loyal
SWGY14478,5,1,108.41,4,3,2,9,Loyal
SWGY14479,310,1,125.57,1,3,2,6,Potential
SWGY14485,576,2,944.73,1,4,4,9,Loyal
SWGY14492,627,1,200.09,1,3,3,7,Potential
SWGY14500,9,2,610.09,4,4,4,12,Champions
SWGY14502,5,1,231.36,4,3,3,10,Champions
SWGY14505,21,1,207.99,3,3,3,9,Loyal
SWGY14507,439,1,330.02,1,3,4,8,Loyal
SWGY14512,17,1,210.93,4,3,3,10,Champions
SWGY14514,280,1,107.4,1,3,2,6,Potential
SWGY14515,458,1,31.92,1,3,1,5,At-Risk
SWGY14516,157,1,59.97,2,3,1,6,Potential
SWGY14519,316,1,270.22,1,3,3,7,Potential
SWGY14523,13,3,424.1,4,4,4,12,Champions
SWGY14524,531,1,72.72,1,3,1,5,At-Risk
SWGY14527,19,2,268.72,3,4,3,10,Champions
SWGY14529,3,1,202.17,4,3,3,10,Champions
SWGY14532,7,1,21.14,4,3,1,8,Loyal
SWGY14533,130,1,429.92,2,3,4,9,Loyal
SWGY14537,322,1,82.47,1,3,1,5,At-Risk
SWGY14538,28,1,568.47,3,3,4,10,Champions
SWGY14540,399,2,233.61,1,4,3,8,Loyal
SWGY14541,27,1,411.63,3,3,4,10,Champions
SWGY14543,394,1,576.72,1,3,4,8,Loyal
SWGY14550,203,2,226.56,2,4,3,9,Loyal
SWGY14552,16,1,594.05,4,3,4,11,Champions
SWGY14569,3,2,208.95999999999998,4,4,3,11,Champions
SWGY14570,404,1,179.41,1,3,2,6,Potential
SWGY14576,638,1,165.56,1,3,2,6,Potential
SWGY14578,27,1,306.74,3,3,3,9,Loyal
SWGY14579,20,1,136.98,3,3,2,8,Loyal
SWGY14585,340,1,134.32,1,3,2,6,Potential
SWGY14589,17,1,156.86,4,3,2,9,Loyal
SWGY14594,25,1,228.08,3,3,3,9,Loyal
SWGY14595,19,1,105.37,3,3,2,8,Loyal
SWGY14600,4,1,165.38,4,3,2,9,Loyal
SWGY14610,416,1,17.18,1,3,1,5,At-Risk
SWGY14614,405,1,109.67,1,3,2,6,Potential
SWGY14618,413,2,457.04999999999995,1,4,4,9,Loyal
SWGY14622,7,1,99.74,4,3,1,8,Loyal
SWGY14623,177,3,465.65,2,4,4,10,Champions
SWGY14627,186,2,366.11,2,4,4,10,Champions
SWGY14630,178,1,254.85,2,3,3,8,Loyal
SWGY14631,162,1,264.27,2,3,3,8,Loyal
SWGY14642,395,1,105.23,1,3,2,6,Potential
SWGY14646,9,1,103.94,4,3,1,8,Loyal
SWGY14647,37,1,103.66,3,3,1,7,Potential
SWGY14649,17,1,35.76,4,3,1,8,Loyal
SWGY14658,31,1,480.66,3,3,4,10,Champions
SWGY14659,54,1,101.88,3,3,1,7,Potential
SWGY14664,86,1,243.9,2,3,3,8,Loyal
SWGY14668,15,1,71.95,4,3,1,8,Loyal
SWGY14669,14,1,188.53,4,3,2,9,Loyal
SWGY14672,464,1,113.86,1,3,2,6,Potential
SWGY14673,19,1,371.81,3,3,4,10,Champions
SWGY14675,29,1,86.9,3,3,1,7,Potential
SWGY14685,8,1,223.63,4,3,3,10,Champions
SWGY14687,16,1,235.36,4,3,3,10,Champions
SWGY14690,49,1,100.3,3,3,1,7,Potential
SWGY14696,596,1,100.34,1,3,1,5,At-Risk
SWGY14699,19,1,236.06,3,3,3,9,Loyal
SWGY14702,184,1,214.7,2,3,3,8,Loyal
SWGY14705,13,2,372.35,4,4,4,12,Champions
SWGY14707,212,1,310.56,2,3,3,8,Loyal
SWGY14718,239,1,84.25,2,3,1,6,Potential
SWGY14720,8,1,165.84,4,3,2,9,Loyal
SWGY14721,31,1,55.1,3,3,1,7,Potential
SWGY14722,219,1,483.87,2,3,4,9,Loyal
SWGY14734,8,3,651.56,4,4,4,12,Champions
SWGY14740,22,1,380.55,3,3,4,10,Champions
SWGY14745,306,2,280.13,1,4,3,8,Loyal
SWGY14749,16,1,136.12,4,3,2,9,Loyal
SWGY14753,609,1,111.13,1,3,2,6,Potential
SWGY14757,20,1,31.68,3,3,1,7,Potential
SWGY14760,14,1,153.66,4,3,2,9,Loyal
SWGY14763,409,1,92.72,1,3,1,5,At-Risk
SWGY14772,24,1,132.59,3,3,2,8,Loyal
SWGY14774,203,1,167.27,2,3,2,7,Potential
SWGY14777,6,1,251.59,4,3,3,10,Champions
SWGY14791,20,1,181.15,3,3,2,8,Loyal
SWGY14794,92,2,577.11,2,4,4,10,Champions
SWGY14799,167,1,437.89,2,3,4,9,Loyal
SWGY14805,577,1,59.31,1,3,1,5,At-Risk
SWGY14810,25,1,97.6,3,3,1,7,Potential
SWGY14814,43,1,21.27,3,3,1,7,Potential
SWGY14818,17,2,206.7,4,4,3,11,Champions
SWGY14822,27,1,97.69,3,3,1,7,Potential
SWGY14823,17,1,189.81,4,3,2,9,Loyal
SWGY14827,235,1,517.9,2,3,4,9,Loyal
SWGY14839,18,1,72.01,4,3,1,8,Loyal
SWGY14841,14,2,586.18,4,4,4,12,Champions
SWGY14843,450,1,224.71,1,3,3,7,Potential
SWGY14844,3,1,216.17,4,3,3,10,Champions
SWGY14846,11,1,354.07,4,3,4,11,Champions
SWGY14850,24,1,163.04,3,3,2,8,Loyal
SWGY14851,8,2,804.71,4,4,4,12,Champions
SWGY14857,162,1,141.95,2,3,2,7,Potential
SWGY14868,12,2,371.5,4,4,4,12,Champions
SWGY14875,60,1,387.48,3,3,4,10,Champions
SWGY14880,10,1,223.85,4,3,3,10,Champions
SWGY14886,78,1,250.28,3,3,3,9,Loyal
SWGY14891,28,2,236.86,3,4,3,10,Champions
SWGY14896,269,1,290.02,1,3,3,7,Potential
SWGY14903,12,1,116.67,4,3,2,9,Loyal
SWGY14906,7,2,206.81,4,4,3,11,Champions
SWGY14911,87,1,505.91,2,3,4,9,Loyal
SWGY14914,2,1,444.31,4,3,4,11,Champions
SWGY14917,128,1,128.95,2,3,2,7,Potential
SWGY14923,465,1,207.81,1,3,3,7,Potential
SWGY14926,81,1,91.3,3,3,1,7,Potential
SWGY14927,246,1,210.99,2,3,3,8,Loyal
SWGY14929,8,1,177.03,4,3,2,9,Loyal
SWGY14930,213,1,53.28,2,3,1,6,Potential
SWGY14931,210,1,319.54,2,3,3,8,Loyal
SWGY14935,359,1,396.94,1,3,4,8,Loyal
SWGY14938,195,1,226.26,2,3,3,8,Loyal
SWGY14943,117,2,259.33000000000004,2,4,3,9,Loyal
SWGY14950,7,1,328.25,4,3,4,11,Champions
SWGY14956,346,1,121.96,1,3,2,6,Potential
SWGY14959,356,1,128.67,1,3,2,6,Potential
SWGY14963,169,1,410.36,2,3,4,9,Loyal
SWGY14964,295,1,200.86,1,3,3,7,Potential
SWGY14967,89,3,472.75,2,4,4,10,Champions
SWGY14969,18,1,309.32,4,3,3,10,Champions
SWGY14972,14,1,98.14,4,3,1,8,Loyal
SWGY14973,465,1,222.72,1,3,3,7,Potential
SWGY14982,268,1,20.34,1,3,1,5,At-Risk
SWGY14989,16,1,126.08,4,3,2,9,Loyal
SWGY14991,5,1,82.51,4,3,1,8,Loyal
SWGY15001,217,1,91.11,2,3,1,6,Potential
SWGY15003,265,2,458.89,1,4,4,9,Loyal
SWGY15005,1,2,111.2,4,4,2,10,Champions
SWGY15006,272,1,535.68,1,3,4,8,Loyal
SWGY15007,30,1,287.96,3,3,3,9,Loyal
SWGY15008,245,1,54.96,2,3,1,6,Potential
SWGY15012,361,2,90.59,1,4,1,6,Potential
SWGY15014,152,1,336.38,2,3,4,9,Loyal
SWGY15021,534,1,117.66,1,3,2,6,Potential
SWGY15024,73,1,77.69,3,3,1,7,Potential
SWGY15032,5,1,85.55,4,3,1,8,Loyal
SWGY15040,147,1,40.54,2,3,1,6,Potential
SWGY15042,15,1,114.2,4,3,2,9,Loyal
SWGY15045,58,1,134.81,3,3,2,8,Loyal
SWGY15052,20,1,88.98,3,3,1,7,Potential
SWGY15053,4,2,181.07,4,4,2,10,Champions
SWGY15055,5,2,429.11,4,4,4,12,Champions
SWGY15056,27,1,141.53,3,3,2,8,Loyal
SWGY15058,8,2,181.73,4,4,2,10,Champions
SWGY15062,26,2,814.8199999999999,3,4,4,11,Champions
SWGY15063,52,2,490.59999999999997,3,4,4,11,Champions
SWGY15064,60,1,121.66,3,3,2,8,Loyal
SWGY15069,400,1,381.03,1,3,4,8,Loyal
SWGY15072,351,1,225.4,1,3,3,7,Potential
SWGY15074,63,1,215.57,3,3,3,9,Loyal
SWGY15084,226,1,224.09,2,3,3,8,Loyal
SWGY15086,197,2,629.0500000000001,2,4,4,10,Champions
SWGY15088,2,1,321.29,4,3,3,10,Champions
SWGY15089,6,1,236.31,4,3,3,10,Champions
SWGY15090,2,1,280.53,4,3,3,10,Champions
SWGY15091,92,1,453.98,2,3,4,9,Loyal
SWGY15093,3,1,218.96,4,3,3,10,Champions
SWGY15101,60,1,39.33,3,3,1,7,Potential
SWGY15103,260,1,183.79,2,3,2,7,Potential
SWGY15111,73,2,378.98,3,4,4,11,Champions
SWGY15112,6,1,157.47,4,3,2,9,Loyal
SWGY15115,15,2,214.39999999999998,4,4,3,11,Champions
SWGY15118,80,1,29.48,3,3,1,7,Potential
SWGY15122,360,1,250.59,1,3,3,7,Potential
SWGY15130,13,1,539.26,4,3,4,11,Champions
SWGY15131,420,1,247.64,1,3,3,7,Potential
SWGY15133,9,1,99.34,4,3,1,8,Loyal
SWGY15134,478,1,66.88,1,3,1,5,At-Risk
SWGY15141,502,1,160.66,1,3,2,6,Potential
SWGY15142,19,1,376.41,3,3,4,10,Champions
SWGY15143,237,1,596.43,2,3,4,9,Loyal
SWGY15149,551,1,167.44,1,3,2,6,Potential
SWGY15152,56,2,374.25,3,4,4,11,Champions
SWGY15153,381,1,145.87,1,3,2,6,Potential
SWGY15161,24,1,151.81,3,3,2,8,Loyal
SWGY15170,7,3,591.13,4,4,4,12,Champions
SWGY15171,13,2,296.72,4,4,3,11,Champions
SWGY15173,529,1,87.73,1,3,1,5,At-Risk
SWGY15174,12,2,338.70000000000005,4,4,4,12,Champions
SWGY15175,14,3,380.55,4,4,4,12,Champions
SWGY15177,8,1,29.19,4,3,1,8,Loyal
SWGY15178,77,4,812.98,3,4,4,11,Champions
SWGY15179,10,2,428.26,4,4,4,12,Champions
SWGY15180,549,1,162.05,1,3,2,6,Potential
SWGY15182,8,2,449.49,4,4,4,12,Champions
SWGY15183,279,1,282.62,1,3,3,7,Potential
SWGY15190,490,1,14.66,1,3,1,5,At-Risk
SWGY15191,166,1,99.8,2,3,1,6,Potential
SWGY15195,106,1,256.88,2,3,3,8,Loyal
SWGY15200,583,1,61.3,1,3,1,5,At-Risk
SWGY15203,236,1,176.25,2,3,2,7,Potential
SWGY15204,231,2,210.19,2,4,3,9,Loyal
SWGY15206,110,1,45.79,2,3,1,6,Potential
SWGY15209,337,1,133.51,1,3,2,6,Potential
SWGY15212,87,1,93.58,2,3,1,6,Potential
SWGY15214,43,1,30.13,3,3,1,7,Potential
SWGY15218,91,1,98.18,2,3,1,6,Potential
SWGY15222,8,2,178.14,4,4,2,10,Champions
SWGY15229,428,1,49.8,1,3,1,5,At-Risk
SWGY15236,435,1,124.58,1,3,2,6,Potential
SWGY15238,195,1,134.71,2,3,2,7,Potential
SWGY15239,159,1,396.07,2,3,4,9,Loyal
SWGY15240,22,1,577.41,3,3,4,10,Champions
SWGY15242,573,1,215.39,1,3,3,7,Potential
SWGY15243,9,3,430.94,4,4,4,12,Champions
SWGY15246,24,1,160.91,3,3,2,8,Loyal
SWGY15247,183,1,325.8,2,3,4,9,Loyal
SWGY15249,148,2,590.5899999999999,2,4,4,10,Champions
SWGY15250,173,1,229.14,2,3,3,8,Loyal
SWGY15257,50,1,105.72,3,3,2,8,Loyal
SWGY15262,12,1,132.35,4,3,2,9,Loyal
SWGY15280,327,2,216.55,1,4,3,8,Loyal
SWGY15294,67,1,72.32,3,3,1,7,Potential
SWGY15295,231,1,42.95,2,3,1,6,Potential
SWGY15296,454,1,91.79,1,3,1,5,At-Risk
SWGY15302,344,1,355.93,1,3,4,8,Loyal
SWGY15307,232,1,326.91,2,3,4,9,Loyal
SWGY15310,307,1,247.45,1,3,3,7,Potential
SWGY15317,13,1,132.48,4,3,2,9,Loyal
SWGY15320,377,1,323.54,1,3,3,7,Potential
SWGY15322,27,1,441.3,3,3,4,10,Champions
SWGY15328,11,1,31.69,4,3,1,8,Loyal
SWGY15329,24,1,484.44,3,3,4,10,Champions
SWGY15338,20,1,132.15,3,3,2,8,Loyal
SWGY15341,27,1,233.69,3,3,3,9,Loyal
SWGY15349,31,1,91.51,3,3,1,7,Potential
SWGY15352,194,1,205.47,2,3,3,8,Loyal
SWGY15354,5,2,337.01,4,4,4,12,Champions
SWGY15357,462,1,112.11,1,3,2,6,Potential
SWGY15361,274,1,202.22,1,3,3,7,Potential
SWGY15364,120,1,327.15,2,3,4,9,Loyal
SWGY15368,78,2,368.95,3,4,4,11,Champions
SWGY15370,269,1,228.04,1,3,3,7,Potential
SWGY15373,241,1,228.79,2,3,3,8,Loyal
SWGY15374,269,2,440.83000000000004,1,4,4,9,Loyal
SWGY15376,27,1,169.25,3,3,2,8,Loyal
SWGY15377,314,1,165.58,1,3,2,6,Potential
SWGY15378,90,1,349.46,2,3,4,9,Loyal
SWGY15381,697,1,117.5,1,3,2,6,Potential
SWGY15384,7,1,20.68,4,3,1,8,Loyal
SWGY15387,30,1,340.59,3,3,4,10,Champions
SWGY15389,3,1,131.71,4,3,2,9,Loyal
SWGY15392,148,1,29.74,2,3,1,6,Potential
SWGY15395,179,2,757.03,2,4,4,10,Champions
SWGY15396,403,1,191.46,1,3,3,7,Potential
SWGY15397,32,3,651.08,3,4,4,11,Champions
SWGY15404,11,3,203.41,4,4,3,11,Champions
SWGY15406,193,1,96.74,2,3,1,6,Potential
SWGY15408,17,2,357.58000000000004,4,4,4,12,Champions
SWGY15413,716,1,242.78,1,3,3,7,Potential
SWGY15420,84,1,60.63,3,3,1,7,Potential
SWGY15421,170,1,153.53,2,3,2,7,Potential
SWGY15429,97,1,203.97,2,3,3,8,Loyal
SWGY15433,152,1,76.93,2,3,1,6,Potential
SWGY15435,29,1,242.04,3,3,3,9,Loyal
SWGY15438,8,2,577.02,4,4,4,12,Champions
SWGY15440,159,1,474.44,2,3,4,9,Loyal
SWGY15442,652,1,66.31,1,3,1,5,At-Risk
SWGY15447,504,1,244.65,1,3,3,7,Potential
SWGY15450,115,1,455.03,2,3,4,9,Loyal
SWGY15457,31,1,138.04,3,3,2,8,Loyal
SWGY15458,232,1,280.05,2,3,3,8,Loyal
SWGY15469,22,1,117.91,3,3,2,8,Loyal
SWGY15477,89,1,198.27,2,3,3,8,Loyal
SWGY15482,80,1,45.35,3,3,1,7,Potential
SWGY15485,27,1,205.2,3,3,3,9,Loyal
SWGY15492,56,3,1091.67,3,4,4,11,Champions
SWGY15498,135,1,199.2,2,3,3,8,Loyal
SWGY15504,16,1,229.72,4,3,3,10,Champions
SWGY15505,144,1,60.26,2,3,1,6,Potential
SWGY15512,390,1,275.58,1,3,3,7,Potential
SWGY15515,24,1,50.17,3,3,1,7,Potential
SWGY15517,58,2,429.8,3,4,4,11,Champions
SWGY15524,31,1,37.41,3,3,1,7,Potential
SWGY15526,22,1,87.33,3,3,1,7,Potential
SWGY15531,2,1,35.66,4,3,1,8,Loyal
SWGY15535,448,1,216.52,1,3,3,7,Potential
SWGY15541,185,1,172.13,2,3,2,7,Potential
SWGY15542,266,2,466.97,1,4,4,9,Loyal
SWGY15545,20,1,48.57,3,3,1,7,Potential
SWGY15547,172,2,159.59,2,4,2,8,Loyal
SWGY15556,27,1,133.0,3,3,2,8,Loyal
SWGY15557,2,1,164.22,4,3,2,9,Loyal
SWGY15558,544,2,270.74,1,4,3,8,Loyal
SWGY15560,18,1,406.75,4,3,4,11,Champions
SWGY15566,127,2,457.75,2,4,4,10,Champions
SWGY15567,24,1,96.1,3,3,1,7,Potential
SWGY15573,304,1,149.71,1,4,2,7,Potential
SWGY15579,31,1,161.36,3,4,2,9,Loyal
SWGY15589,17,1,117.6,4,4,2,10,Champions
SWGY15593,336,1,42.59,1,4,1,6,Potential
SWGY15594,175,2,178.91,2,4,2,8,Loyal
SWGY15596,437,1,247.56,1,4,3,8,Loyal
SWGY15597,5,1,82.7,4,4,1,9,Loyal
SWGY15600,357,1,109.3,1,4,2,7,Potential
SWGY15601,344,1,346.14,1,4,4,9,Loyal
SWGY15609,132,2,368.83,2,4,4,10,Champions
SWGY15611,485,1,197.56,1,4,3,8,Loyal
SWGY15612,198,2,132.43,2,4,2,8,Loyal
SWGY15616,26,2,221.51,3,4,3,10,Champions
SWGY15619,489,1,33.54,1,4,1,6,Potential
SWGY15621,9,1,577.39,4,4,4,12,Champions
SWGY15623,25,1,69.66,3,4,1,8,Loyal
SWGY15626,31,1,224.34,3,4,3,10,Champions
SWGY15631,15,1,94.49,4,4,1,9,Loyal
SWGY15633,199,1,353.17,2,4,4,10,Champions
SWGY15635,585,2,270.09000000000003,1,4,3,8,Loyal
SWGY15636,502,1,103.76,1,4,1,6,Potential
SWGY15642,304,2,254.65,1,4,3,8,Loyal
SWGY15643,538,1,226.98,1,4,3,8,Loyal
SWGY15644,301,1,262.02,1,4,3,8,Loyal
SWGY15657,21,1,314.7,3,4,3,10,Champions
SWGY15660,273,1,103.1,1,4,1,6,Potential
SWGY15663,14,2,519.8299999999999,4,4,4,12,Champions
SWGY15665,28,1,39.45,3,4,1,8,Loyal
SWGY15668,72,1,68.21,3,4,1,8,Loyal
SWGY15669,2,1,357.08,4,4,4,12,Champions
SWGY15671,23,1,24.49,3,4,1,8,Loyal
SWGY15675,235,1,339.46,2,4,4,10,Champions
SWGY15678,8,1,542.2,4,4,4,12,Champions
SWGY15680,422,1,179.64,1,4,2,7,Potential
SWGY15681,291,1,203.81,1,4,3,8,Loyal
SWGY15684,7,1,328.83,4,4,4,12,Champions
SWGY15686,661,1,218.1,1,4,3,8,Loyal
SWGY15690,4,1,324.65,4,4,3,11,Champions
SWGY15700,11,2,440.40999999999997,4,4,4,12,Champions
SWGY15701,26,1,254.65,3,4,3,10,Champions
SWGY15706,7,2,432.55,4,4,4,12,Champions
SWGY15713,2,2,139.47,4,4,2,10,Champions
SWGY15714,10,3,347.31,4,4,4,12,Champions
SWGY15716,36,1,257.55,3,4,3,10,Champions
SWGY15727,221,1,179.93,2,4,2,8,Loyal
SWGY15729,24,1,517.13,3,4,4,11,Champions
SWGY15734,21,1,216.24,3,4,3,10,Champions
SWGY15735,11,1,534.01,4,4,4,12,Champions
SWGY15740,160,1,197.07,2,4,3,9,Loyal
SWGY15742,11,1,268.27,4,4,3,11,Champions
SWGY15744,31,1,248.77,3,4,3,10,Champions
SWGY15747,27,1,214.64,3,4,3,10,Champions
SWGY15756,533,1,65.01,1,4,1,6,Potential
SWGY15757,106,1,72.4,2,4,1,7,Potential
SWGY15758,15,2,666.0400000000001,4,4,4,12,Champions
SWGY15759,13,1,93.74,4,4,1,9,Loyal
SWGY15760,27,1,105.96,3,4,2,9,Loyal
SWGY15761,134,2,223.33,2,4,3,9,Loyal
SWGY15762,16,1,393.9,4,4,4,12,Champions
SWGY15763,255,1,35.72,2,4,1,7,Potential
SWGY15769,26,1,100.6,3,4,1,8,Loyal
SWGY15778,105,1,182.09,2,4,2,8,Loyal
SWGY15779,26,1,496.33,3,4,4,11,Champions
SWGY15780,27,1,52.41,3,4,1,8,Loyal
SWGY15790,211,1,396.49,2,4,4,10,Champions
SWGY15792,42,1,372.41,3,4,4,11,Champions
SWGY15794,30,1,239.42,3,4,3,10,Champions
SWGY15797,13,1,160.69,4,4,2,10,Champions
SWGY15801,157,1,75.53,2,4,1,7,Potential
SWGY15802,397,1,142.43,1,4,2,7,Potential
SWGY15803,20,1,174.96,3,4,2,9,Loyal
SWGY15804,227,2,316.22,2,4,3,9,Loyal
SWGY15808,78,1,564.04,3,4,4,11,Champions
SWGY15810,410,1,18.51,1,4,1,6,Potential
SWGY15812,14,1,195.68,4,4,3,11,Champions
SWGY15817,18,1,168.66,4,4,2,10,Champions
SWGY15824,176,1,93.02,2,4,1,7,Potential
SWGY15829,172,1,342.44,2,4,4,10,Champions
SWGY15835,345,1,206.49,1,4,3,8,Loyal
SWGY15836,14,1,468.48,4,4,4,12,Champions
SWGY15840,19,2,354.71999999999997,3,4,4,11,Champions
SWGY15843,26,1,143.83,3,4,2,9,Loyal
SWGY15845,1,1,143.76,4,4,2,10,Champions
SWGY15849,191,1,64.61,2,4,1,7,Potential
SWGY15850,3,1,149.38,4,4,2,10,Champions
SWGY15851,231,1,185.8,2,4,2,8,Loyal
SWGY15860,79,1,267.27,3,4,3,10,Champions
SWGY15863,8,1,218.05,4,4,3,11,Champions
SWGY15864,3,1,510.58,4,4,4,12,Champions
SWGY15868,163,1,113.37,2,4,2,8,Loyal
SWGY15870,8,1,262.44,4,4,3,11,Champions
SWGY15872,15,1,321.72,4,4,3,11,Champions
SWGY15878,6,1,88.63,4,4,1,9,Loyal
SWGY15880,215,1,282.16,2,4,3,9,Loyal
SWGY15883,349,1,131.27,1,4,2,7,Potential
SWGY15890,377,1,260.28,1,4,3,8,Loyal
SWGY15895,119,1,201.34,2,4,3,9,Loyal
SWGY15906,1,2,109.44,4,4,2,10,Champions
SWGY15912,29,2,439.01,3,4,4,11,Champions
SWGY15920,379,2,263.98,1,4,3,8,Loyal
SWGY15921,2,1,195.36,4,4,3,11,Champions
SWGY15924,19,1,33.66,3,4,1,8,Loyal
SWGY15931,304,2,507.32,1,4,4,9,Loyal
SWGY15944,263,1,185.14,2,4,2,8,Loyal
SWGY15946,193,1,46.45,2,4,1,7,Potential
SWGY15948,30,1,34.87,3,4,1,8,Loyal
SWGY15950,164,1,86.26,2,4,1,7,Potential
SWGY15955,3,2,276.48,4,4,3,11,Champions
SWGY15962,31,1,540.43,3,4,4,11,Champions
SWGY15964,153,1,207.84,2,4,3,9,Loyal
SWGY15970,234,1,150.59,2,4,2,8,Loyal
SWGY15973,12,1,607.37,4,4,4,12,Champions
SWGY15980,7,1,93.44,4,4,1,9,Loyal
SWGY15981,452,2,285.59,1,4,3,8,Loyal
SWGY15982,13,1,136.76,4,4,2,10,Champions
SWGY15990,301,1,76.56,1,4,1,6,Potential
SWGY15993,28,1,307.36,3,4,3,10,Champions
